Nat_Methods	26214130	2015	NoLink
Nat_Methods	23353650	2013	NoLink
Nat_Methods	34354266	2021	NoLink
Nat_Methods	25622108	2015	NoLink
Nat_Methods	29083402	2018	NoLink
Nat_Methods	24363022	2014	NoLink
Nat_Methods	21985007	2011	NoLink
Nat_Methods	30349041	2018	null emClarity -1 null https://github.com/bHimes/emClarity/wiki 301 
Nat_Methods	21131968	2010	NoLink
Nat_Methods	19198596	2009	NoLink
Nat_Methods	26778924	2015	NoLink
Nat_Methods	31562488	2019	NoLink
Nat_Methods	38409225	2024	NoLink
Nat_Methods	39304767	2024	NoLink
Nat_Methods	32203389	2020	NoLink
Nat_Methods	28530655	2017	NoLink
Nat_Methods	25306544	2014	NoLink
Nat_Methods	36064775	2022	NoLink
Nat_Methods	23064517	2012	NoLink
Nat_Methods	38504114	2024	NoLink
Nat_Methods	21473015	2011	NoLink
Nat_Methods	23644547	2013	NoLink
Nat_Methods	31548705	2019	NoLink
Nat_Methods	19718033	2009	NoLink
Nat_Methods	32393832	2020	NoLink
Nat_Methods	38374261	2024	NoLink
Nat_Methods	37142767	2023	NoLink
Nat_Methods	32203384	2020	NoLink
Nat_Methods	23708387	2013	NoLink
Nat_Methods	25938370	2015	NoLink
Nat_Methods	23160280	2013	NoLink
Nat_Methods	38049697	2023	NoLink
Nat_Methods	37884795	2023	NoLink
Nat_Methods	37620541	2023	abstractNotFound
Nat_Methods	28288122	2017	NoLink
Nat_Methods	23995389	2013	NoLink
Nat_Methods	36357695	2022	NoLink
Nat_Methods	25486062	2014	NoLink
Nat_Methods	38129618	2023	NoLink
Nat_Methods	28394336	2017	NoLink
Nat_Methods	23793239	2014	NoLink
Nat_Methods	33875885	2021	NoLink
Nat_Methods	25306545	2014	NoLink
Nat_Methods	30886410	2019	NoLink
Nat_Methods	26928762	2016	NoLink
Nat_Methods	25775043	2015	NoLink
Nat_Methods	25326662	2014	NoLink
Nat_Methods	25042786	2014	NoLink
Nat_Methods	26098020	2015	NoLink
Nat_Methods	20383132	2010	NoLink
Nat_Methods	34845388	2021	NoLink
Nat_Methods	37735570	2023	method https://github.com/bluenote-1577/skani 301 
Nat_Methods	36550273	2022	NoLink
Nat_Methods	21478861	2011	NoLink
Nat_Methods	25581799	2014	NoLink
Nat_Methods	37248389	2023	library https://simba-bio.readthedocs.io 302 
Nat_Methods	19620974	2011	NoLink
Nat_Methods	32451475	2020	NoLink
Nat_Methods	39448878	2024	NoLink
Nat_Methods	32958922	2020	NoLink
Nat_Methods	31011185	2019	NoLink
Nat_Methods	31235883	2019	NoLink
Nat_Methods	22522655	2012	NoLink
Nat_Methods	22179552	2011	NoLink
Nat_Methods	33139893	2021	NoLink
Nat_Methods	31086341	2019	NoLink
Nat_Methods	25581800	2014	NoLink
Nat_Methods	39103446	2024	NoLink
Nat_Methods	19734907	2009	NoLink
Nat_Methods	38658647	2024	NoLink
Nat_Methods	37468619	2023	NoLink
Nat_Methods	19305407	2009	NoLink
Nat_Methods	32366989	2021	NoLink
Nat_Methods	32303725	2020	NoLink
Nat_Methods	20037591	2010	NoLink
Nat_Methods	28530654	2017	NoLink
Nat_Methods	31263253	2019	NoLink
Nat_Methods	25730490	2015	abstractNotFound
Nat_Methods	34845387	2021	null http://3D-SARS2.yulab.org 301 
Nat_Methods	22081127	2011	NoLink
Nat_Methods	38049696	2023	NoLink
Nat_Methods	28218897	2017	NoLink
Nat_Methods	36587187	2022	available https://github.com/willtownes/nsf-paper 301 
Nat_Methods	22056678	2011	NoLink
Nat_Methods	27723755	2017	NoLink
Nat_Methods	21478862	2011	NoLink
Nat_Methods	28604724	2017	NoLink
Nat_Methods	22056676	2011	NoLink
Nat_Methods	26480475	2015	NoLink
Nat_Methods	33046897	2020	NoLink
Nat_Methods	21946667	2011	NoLink
Nat_Methods	19160513	2009	NoLink
Nat_Methods	26389571	2015	NoLink
Nat_Methods	29713083	2018	null https://github.com/philres/ngmlr 301 null https://github.com/fritzsedlazeck/Sniffles 301 
Nat_Methods	33199889	2020	NoLink
Nat_Methods	31673159	2019	NoLink
Nat_Methods	22983458	2012	NoLink
Nat_Methods	24270603	2013	NoLink
Nat_Methods	37770711	2023	NoLink
Nat_Methods	27043882	2016	NoLink
Nat_Methods	19966808	2010	NoLink
Nat_Methods	20154677	2010	NoLink
Nat_Methods	32123394	2020	NoLink
Nat_Methods	31471613	2019	NoLink
Nat_Methods	32203387	2020	NoLink
Nat_Methods	27214048	2016	NoLink
Nat_Methods	38158428	2023	NoLink
Nat_Methods	28783154	2017	NoLink
Nat_Methods	28945705	2017	NoLink
Nat_Methods	36192465	2022	NoLink
Nat_Methods	30988468	2019	NoLink
Nat_Methods	38438615	2024	NoLink
Nat_Methods	26752769	2015	NoLink
Nat_Methods	36690741	2023	NoLink
Nat_Methods	22688413	2012	NoLink
Nat_Methods	30737497	2018	NoLink
Nat_Methods	25599551	2014	NoLink
Nat_Methods	33087905	2020	NoLink
Nat_Methods	25419960	2014	NoLink
Nat_Methods	30013047	2018	NoLink
Nat_Methods	20966916	2010	NoLink
Nat_Methods	38302659	2024	NoLink
Nat_Methods	36316563	2022	NoLink
Nat_Methods	28858338	2017	NoLink
Nat_Methods	29967496	2018	NoLink
Nat_Methods	35132245	2021	NoLink
Nat_Methods	19684595	2010	NoLink
Nat_Methods	31363206	2020	NoLink
Nat_Methods	31686038	2019	NoLink
Nat_Methods	33106676	2020	null https://github.com/smith-chem-wisc/MetaMorpheus 301 
Nat_Methods	28192420	2017	NoLink
Nat_Methods	20418868	2010	NoLink
Nat_Methods	37996753	2023	NoLink
Nat_Methods	34887550	2021	NoLink
Nat_Methods	31471614	2019	NoLink
Nat_Methods	23396283	2013	NoLink
Nat_Methods	38395993	2024	NoLink
Nat_Methods	23892896	2013	NoLink
Nat_Methods	22020067	2011	NoLink
Nat_Methods	35396485	2022	NoLink
Nat_Methods	23396285	2013	NoLink
Nat_Methods	30377375	2018	NoLink
Nat_Methods	19363494	2009	NoLink
Nat_Methods	24952909	2014	NoLink
Nat_Methods	38594452	2024	NoLink
Nat_Methods	31768063	2019	NoLink
Nat_Methods	39014073	2024	NoLink
Nat_Methods	25128977	2014	NoLink
Nat_Methods	28417997	2017	NoLink
Nat_Methods	24930129	2014	NoLink
Nat_Methods	31819263	2019	NoLink
Nat_Methods	39025969	2024	NoLink
Nat_Methods	31363221	2019	NoLink
Nat_Methods	35927482	2022	NoLink
Nat_Methods	33574612	2021	NoLink
Nat_Methods	37932397	2023	NoLink
Nat_Methods	30478324	2018	NoLink
Nat_Methods	20543846	2010	NoLink
Nat_Methods	25822800	2015	null http://cibersort.stanford.edu 301 
Nat_Methods	25799441	2015	NoLink
Nat_Methods	31780840	2019	NoLink
Nat_Methods	19597501	2009	NoLink
Nat_Methods	26524239	2016	NoLink
Nat_Methods	29457791	2018	NoLink
Nat_Methods	23202434	2012	NoLink
Nat_Methods	21706013	2011	NoLink
Nat_Methods	38622459	2024	NoLink
Nat_Methods	25240437	2014	null http://wanglab.ucsd.edu/star/epigram 302 
Nat_Methods	27271198	2016	NoLink
Nat_Methods	28024160	2017	NoLink
Nat_Methods	28759029	2017	NoLink
Nat_Methods	29578537	2018	NoLink
Nat_Methods	38844629	2024	NoLink
Nat_Methods	29457793	2018	NoLink
Nat_Methods	20936779	2010	NoLink
Nat_Methods	22231642	2011	NoLink
Nat_Methods	28263959	2017	NoLink
Nat_Methods	20118931	2010	NoLink
Nat_Methods	24412976	2014	NoLink
Nat_Methods	27018580	2016	NoLink
Nat_Methods	28394337	2017	NoLink
Nat_Methods	35145320	2022	NoLink
Nat_Methods	25042784	2014	NoLink
Nat_Methods	27493588	2016	null http://www.ebi.ac.uk/pride/cluster 301 
Nat_Methods	19801991	2009	NoLink
Nat_Methods	24776634	2014	NoLink
Nat_Methods	31611690	2019	NoLink
Nat_Methods	29553579	2019	NoLink
Nat_Methods	34480151	2021	NoLink
Nat_Methods	32929271	2020	NoLink
Nat_Methods	23817067	2013	NoLink
Nat_Methods	34608319	2021	NoLink
Nat_Methods	38167654	2024	NoLink
Nat_Methods	37653120	2023	NoLink
Nat_Methods	31548708	2019	NoLink
Nat_Methods	36456786	2022	NoLink
Nat_Methods	28825704	2017	NoLink
Nat_Methods	28319112	2017	NoLink
Nat_Methods	30988469	2019	NoLink
Nat_Methods	20383133	2010	NoLink
Nat_Methods	37474808	2023	NoLink
Nat_Methods	24487583	2014	NoLink
Nat_Methods	28099430	2017	NoLink
Nat_Methods	30377374	2018	abstractNotFound
Nat_Methods	32719530	2020	NoLink
Nat_Methods	28825703	2017	NoLink
Nat_Methods	29083401	2018	NoLink
Nat_Methods	20562867	2010	NoLink
Nat_Methods	36849549	2023	NoLink
Nat_Methods	31740822	2019	NoLink
Nat_Methods	26619014	2015	NoLink
Nat_Methods	24608180	2014	NoLink
Nat_Methods	35027766	2022	NoLink
Nat_Methods	38969722	2024	NoLink
Nat_Methods	23995387	2014	NoLink
Nat_Methods	30420687	2018	NoLink
Nat_Methods	25532136	2014	NoLink
Nat_Methods	25262205	2014	NoLink
Nat_Methods	29735997	2018	NoLink
Nat_Methods	27088313	2016	NoLink
Nat_Methods	22751202	2012	NoLink
Nat_Methods	21985008	2011	NoLink
Nat_Methods	35027767	2022	null https://cellrank.org -1 
Nat_Methods	30377346	2018	NoLink
Nat_Methods	39407016	2024	NoLink
Nat_Methods	23770754	2013	NoLink
Nat_Methods	21909100	2011	NoLink
Nat_Methods	38755322	2024	NoLink
Nat_Methods	29481550	2018	NoLink
Nat_Methods	35637307	2022	software https://github.com/sokrypton/ColabFold 301 available https://colabfold.mmseqs.com 301 
Nat_Methods	38714873	2024	abstractNotFound
Nat_Methods	31819265	2019	null https://github.com/ruanjue/wtdbg2 301 
Nat_Methods	31740816	2022	NoLink
Nat_Methods	38514779	2024	NoLink
Nat_Methods	39375574	2024	NoLink
Nat_Methods	33139894	2020	NoLink
Nat_Methods	39187683	2024	NoLink
Nat_Methods	28346451	2017	NoLink
Nat_Methods	34404955	2021	NoLink
Nat_Methods	24562422	2014	NoLink
Nat_Methods	36864197	2023	NoLink
Nat_Methods	32203385	2020	NoLink
Nat_Methods	20305652	2010	NoLink
Nat_Methods	25086503	2014	NoLink
Nat_Methods	24122041	2013	NoLink
Nat_Methods	31780829	2019	NoLink
Nat_Methods	25282611	2014	NoLink
Nat_Methods	34725481	2021	NoLink
Nat_Methods	26344045	2015	NoLink
Nat_Methods	33408407	2020	NoLink
Nat_Methods	37813989	2023	NoLink
Nat_Methods	18794863	2008	NoLink
Nat_Methods	31907445	2019	NoLink
Nat_Methods	19855391	2010	NoLink
Nat_Methods	29083403	2017	NoLink
Nat_Methods	26214128	2015	NoLink
Nat_Methods	36216958	2022	NoLink
Nat_Methods	28135255	2016	NoLink
Nat_Methods	19060904	2010	NoLink
Nat_Methods	37386189	2023	available scvi-tools.org -1 
Nat_Methods	19620973	2009	NoLink
Nat_Methods	21240281	2010	NoLink
Nat_Methods	24037242	2013	NoLink
Nat_Methods	22751204	2012	NoLink
Nat_Methods	22306810	2012	NoLink
Nat_Methods	27376770	2016	NoLink
Nat_Methods	28218899	2017	NoLink
Nat_Methods	19898484	2010	NoLink
Nat_Methods	25437435	2014	null http://cellPACK.org 301 
Nat_Methods	34711973	2021	NoLink
Nat_Methods	24509631	2014	NoLink
Nat_Methods	28504682	2018	NoLink
Nat_Methods	38297184	2024	NoLink
Nat_Methods	38012321	2023	NoLink
Nat_Methods	21076418	2010	NoLink
Nat_Methods	30504870	2018	NoLink
Nat_Methods	36266465	2022	NoLink
Nat_Methods	30275574	2018	NoLink
Nat_Methods	37735566	2023	NoLink
Nat_Methods	37142768	2023	NoLink
Nat_Methods	38724692	2024	NoLink
Nat_Methods	39039335	2024	NoLink
Nat_Methods	28135257	2017	NoLink
Nat_Methods	18978784	2008	NoLink
Nat_Methods	30046099	2019	NoLink
Nat_Methods	26301841	2015	NoLink
Nat_Methods	30573831	2018	NoLink
Nat_Methods	37156843	2023	NoLink
Nat_Methods	26524240	2015	NoLink
Nat_Methods	36344832	2022	NoLink
Nat_Methods	22120468	2011	NoLink
Nat_Methods	20081834	2010	NoLink
Nat_Methods	24584194	2014	NoLink
Nat_Methods	37474809	2023	NoLink
Nat_Methods	33542510	2021	available cryodrgn.csail.mit.edu -1 
Nat_Methods	19412170	2016	NoLink
Nat_Methods	19525958	2009	NoLink
Nat_Methods	31061492	2019	NoLink
Nat_Methods	22466795	2012	NoLink
Nat_Methods	38459384	2024	NoLink
Nat_Methods	32066960	2020	NoLink
Nat_Methods	19898485	2010	NoLink
Nat_Methods	29578535	2018	NoLink
Nat_Methods	31562475	2019	NoLink
Nat_Methods	30013044	2018	NoLink
Nat_Methods	36646898	2023	NoLink
Nat_Methods	19448642	2009	NoLink
Nat_Methods	28114287	2017	NoLink
Nat_Methods	32807954	2021	NoLink
Nat_Methods	36522503	2022	NoLink
Nat_Methods	31406384	2019	NoLink
Nat_Methods	26595209	2015	NoLink
Nat_Methods	38969721	2024	NoLink
Nat_Methods	24185838	2013	NoLink
Nat_Methods	24562424	2014	NoLink
Nat_Methods	32868927	2020	NoLink
Nat_Methods	31501547	2019	NoLink
Nat_Methods	24122040	2013	NoLink
Nat_Methods	24292485	2013	NoLink
Nat_Methods	32251394	2020	NoLink
Nat_Methods	31249407	2019	NoLink
Nat_Methods	29941871	2019	NoLink
Nat_Methods	34725480	2021	NoLink
Nat_Methods	33542511	2021	NoLink
Nat_Methods	24681693	2014	NoLink
Nat_Methods	39558096	2024	NoLink
Nat_Methods	35879608	2022	NoLink
Nat_Methods	26167640	2015	NoLink
Nat_Methods	37884796	2023	application http://nextpyp.app 308 
Nat_Methods	35710609	2022	NoLink
Nat_Methods	26098019	2015	NoLink
Nat_Methods	34594032	2021	NoLink
Nat_Methods	31712779	2019	NoLink
Nat_Methods	38110637	2023	NoLink
Nat_Methods	24185837	2013	NoLink
Nat_Methods	22581372	2012	NoLink
Nat_Methods	24820376	2014	NoLink
Nat_Methods	26550774	2015	NoLink
Nat_Methods	19668205	2009	NoLink
Nat_Methods	32094914	2020	abstractNotFound
Nat_Methods	22796662	2012	NoLink
Nat_Methods	28775673	2017	NoLink
Nat_Methods	33589837	2021	NoLink
Nat_Methods	19363493	2009	abstractNotFound
Nat_Methods	28369043	2017	NoLink
Nat_Methods	24097271	2013	NoLink
Nat_Methods	21151136	2010	NoLink
Nat_Methods	23160281	2012	NoLink
Nat_Methods	24531420	2014	NoLink
Nat_Methods	22306809	2012	NoLink
Nat_Methods	37735569	2023	NoLink
Nat_Methods	36253644	2022	NoLink
Nat_Methods	24317254	2014	NoLink
Nat_Methods	38802520	2024	NoLink
Nat_Methods	38890427	2024	NoLink
Nat_Methods	23872791	2013	NoLink
Nat_Methods	23435260	2013	NoLink
Nat_Methods	37828153	2023	NoLink
Nat_Methods	24747813	2014	NoLink
Nat_Methods	20729842	2010	NoLink
Nat_Methods	25730493	2015	NoLink
Nat_Methods	37037999	2023	NoLink
Nat_Methods	33046894	2020	NoLink
Nat_Methods	25344639	2014	NoLink
Nat_Methods	37985712	2023	NoLink
Nat_Methods	26030448	2015	NoLink
Nat_Methods	33169015	2022	NoLink
Nat_Methods	29505029	2018	null http://d-cell.ucsd.edu/ 200 
Nat_Methods	38532014	2024	NoLink
Nat_Methods	38317008	2024	NoLink
Nat_Methods	25152083	2014	NoLink
Nat_Methods	23435259	2013	NoLink
Nat_Methods	32719532	2020	NoLink
Nat_Methods	28417999	2017	NoLink
Nat_Methods	21666667	2011	NoLink
Nat_Methods	19169260	2009	NoLink
Nat_Methods	21572408	2011	NoLink
Nat_Methods	26550772	2015	NoLink
Nat_Methods	33911230	2021	NoLink
Nat_Methods	38509326	2024	NoLink
Nat_Methods	35352062	2022	NoLink
Nat_Methods	37957430	2023	NoLink
Nat_Methods	27892959	2016	code http://sourceforge.net/projects/novobreak/ 301 
Nat_Methods	26237225	2015	NoLink
Nat_Methods	38862790	2024	NoLink
Nat_Methods	32015543	2020	NoLink
Nat_Methods	26167641	2015	NoLink
Nat_Methods	23584186	2013	NoLink
Nat_Methods	25938372	2015	NoLink
Nat_Methods	34059828	2021	NoLink
Nat_Methods	19648916	2009	NoLink
Nat_Methods	34952955	2021	abstractNotFound
Nat_Methods	30559430	2018	NoLink
Nat_Methods	26808670	2016	NoLink
Nat_Methods	30804551	2019	NoLink
Nat_Methods	21378979	2011	abstractNotFound
Nat_Methods	38177506	2024	NoLink
Nat_Methods	22056677	2011	NoLink
Nat_Methods	35637305	2022	abstractNotFound
Nat_Methods	23852450	2013	NoLink
Nat_Methods	29039416	2019	NoLink
Nat_Methods	29355847	2018	NoLink
Nat_Methods	28504681	2017	NoLink
Nat_Methods	25984697	2015	NoLink
Nat_Methods	37188953	2023	NoLink
Nat_Methods	37169930	2023	NoLink
Nat_Methods	24952910	2014	NoLink
Nat_Methods	20354512	2010	abstractNotFound
Nat_Methods	32341543	2020	NoLink
Nat_Methods	32807957	2020	NoLink
Nat_Methods	29941873	2018	NoLink
Nat_Methods	36280717	2022	NoLink
Nat_Methods	24727653	2014	NoLink
Nat_Methods	30573814	2018	NoLink
Nat_Methods	29735996	2018	NoLink
Nat_Methods	38200227	2024	NoLink
Nat_Methods	33649586	2021	NoLink
Nat_Methods	35414125	2022	NoLink
Nat_Methods	31591575	2019	NoLink
Nat_Methods	36658278	2023	NoLink
Nat_Methods	36585455	2022	NoLink
Nat_Methods	28991891	2017	NoLink
Nat_Methods	30127504	2018	NoLink
Nat_Methods	24487584	2016	NoLink
Nat_Methods	38347140	2024	NoLink
Nat_Methods	27918539	2017	NoLink
Nat_Methods	24162924	2013	NoLink
Nat_Methods	24336359	2014	NoLink
Nat_Methods	30962622	2019	NoLink
Nat_Methods	28319111	2017	NoLink
Nat_Methods	31792434	2019	NoLink
Nat_Methods	21151135	2010	NoLink
Nat_Methods	22706673	2012	NoLink
Nat_Methods	27135973	2016	NoLink
Nat_Methods	34893784	2021	abstractNotFound
Nat_Methods	34824477	2021	NoLink
Nat_Methods	39232199	2024	NoLink
Nat_Methods	27183440	2016	NoLink
Nat_Methods	25559584	2014	NoLink
Nat_Methods	34354290	2021	NoLink
Nat_Methods	35314838	2022	NoLink
Nat_Methods	38374263	2024	NoLink
Nat_Methods	22037702	2011	NoLink
Nat_Methods	30275573	2018	NoLink
Nat_Methods	36864199	2022	NoLink
Nat_Methods	26950744	2016	NoLink
Nat_Methods	20526346	2010	NoLink
Nat_Methods	30224673	2018	NoLink
Nat_Methods	36192462	2022	NoLink
Nat_Methods	23223154	2013	NoLink
Nat_Methods	28418000	2017	NoLink
Nat_Methods	28459458	2017	NoLink
Nat_Methods	32737473	2021	NoLink
Nat_Methods	24813625	2014	NoLink
Nat_Methods	38057527	2023	NoLink
Nat_Methods	34862503	2021	NoLink
Nat_Methods	23396282	2013	NoLink
Nat_Methods	27240257	2016	NoLink
Nat_Methods	39117875	2024	NoLink
Nat_Methods	34949812	2021	NoLink
Nat_Methods	38366243	2024	NoLink
Nat_Methods	24880876	2014	NoLink
Nat_Methods	20453866	2010	NoLink
Nat_Methods	27869815	2016	available http://tacorna.github.io 200 
Nat_Methods	23892898	2013	NoLink
Nat_Methods	21131969	2010	NoLink
Nat_Methods	34949807	2021	NoLink
Nat_Methods	38036857	2023	NoLink
Nat_Methods	25362362	2014	NoLink
Nat_Methods	36624212	2023	NoLink
Nat_Methods	21909101	2011	NoLink
Nat_Methods	37038000	2023	NoLink
Nat_Methods	39112798	2024	NoLink
Nat_Methods	20693997	2010	NoLink
Nat_Methods	37996754	2023	NoLink
Nat_Methods	39294369	2024	null https://g2p.broadinstitute.org/ 301 
Nat_Methods	35468967	2022	package https://github.com/cziegenhain/UMIcountR 301 
Nat_Methods	23666410	2013	NoLink
Nat_Methods	26030447	2015	NoLink
Nat_Methods	22484848	2012	NoLink
Nat_Methods	28825705	2017	NoLink
Nat_Methods	23042452	2012	NoLink
Nat_Methods	35396482	2022	NoLink
Nat_Methods	26258291	2015	NoLink
Nat_Methods	26280328	2015	NoLink
Nat_Methods	38528186	2024	NoLink
Nat_Methods	39438734	2024	NoLink
Nat_Methods	36050489	2022	NoLink
Nat_Methods	24836921	2014	NoLink
Nat_Methods	19116613	2009	NoLink
Nat_Methods	24037243	2013	abstractNotFound
Nat_Methods	36396787	2022	NoLink
Nat_Methods	38724693	2024	NoLink
Nat_Methods	30377376	2018	NoLink
Nat_Methods	22373911	2012	software http://openmicroscopy.org 301 
Nat_Methods	36203018	2022	NoLink
Nat_Methods	23142873	2012	NoLink
Nat_Methods	29058722	2018	null http://genome.tugraz.at/lda2 301 
Nat_Methods	23023597	2012	NoLink
Nat_Methods	23263690	2012	NoLink
Nat_Methods	36253643	2022	NoLink
Nat_Methods	21240278	2011	NoLink
Nat_Methods	38965444	2024	pipeline https://quant,ms.org/ -1 
Nat_Methods	35637303	2022	NoLink
Nat_Methods	37443338	2023	available scenicplus.readthedocs.io -1 
Nat_Methods	25128976	2014	NoLink
Nat_Methods	23913259	2013	NoLink
Nat_Methods	32913323	2020	NoLink
Nat_Methods	37024650	2023	code cd-code.org -1 
Nat_Methods	37723245	2023	NoLink
Nat_Methods	33686300	2021	available 3DEM.org -1 
Nat_Methods	18806792	2011	NoLink
Nat_Methods	39482464	2024	NoLink
Nat_Methods	38849569	2024	NoLink
Nat_Methods	26280331	2015	NoLink
Nat_Methods	22751201	2012	NoLink
Nat_Methods	19060903	2010	NoLink
Nat_Methods	39478176	2024	NoLink
Nat_Methods	23142869	2012	NoLink
Nat_Methods	35501386	2022	NoLink
Nat_Methods	19543286	2009	NoLink
Nat_Methods	34326541	2021	NoLink
Nat_Methods	30202060	2018	tool http://tectool.unibas.ch 302 
Nat_Methods	24464288	2014	NoLink
Nat_Methods	32341544	2020	NoLink
Nat_Methods	35468969	2022	abstractNotFound
Nat_Methods	32908318	2020	NoLink
Nat_Methods	30377363	2018	NoLink
Nat_Methods	23955773	2013	NoLink
Nat_Methods	20440878	2010	NoLink
Nat_Methods	27240256	2016	package www.bioconductor.org/packages/IHW -1 
Nat_Methods	29355846	2018	NoLink
Nat_Methods	21278744	2011	NoLink
Nat_Methods	38834747	2024	NoLink
Nat_Methods	27992408	2016	NoLink
Nat_Methods	32123392	2020	NoLink
Nat_Methods	37248388	2023	NoLink
Nat_Methods	38253843	2024	NoLink
Nat_Methods	25730491	2015	NoLink
Nat_Methods	22138825	2011	NoLink
Nat_Methods	29457792	2018	NoLink
Nat_Methods	34949809	2021	NoLink
Nat_Methods	19337237	2009	NoLink
Nat_Methods	31501545	2019	NoLink
Nat_Methods	21963608	2011	NoLink
Nat_Methods	36344833	2022	NoLink
Nat_Methods	33828273	2021	NoLink
Nat_Methods	30804550	2019	NoLink
Nat_Methods	25344638	2014	NoLink
Nat_Methods	38649742	2024	NoLink
Nat_Methods	26436482	2015	NoLink
Nat_Methods	32555533	2020	NoLink
Nat_Methods	24185836	2013	NoLink
Nat_Methods	28135256	2016	NoLink
Nat_Methods	28192419	2017	NoLink
Nat_Methods	31548704	2019	NoLink
Nat_Methods	30171252	2018	NoLink
Nat_Methods	27159085	2016	NoLink
Nat_Methods	23770755	2013	NoLink
Nat_Methods	20154678	2010	NoLink
Nat_Methods	19633663	2009	NoLink
Nat_Methods	38831210	2024	NoLink
Nat_Methods	24141495	2016	NoLink
Nat_Methods	38605111	2024	NoLink
Nat_Methods	30250056	2018	NoLink
Nat_Methods	22543349	2012	NoLink
Nat_Methods	26258293	2015	NoLink
Nat_Methods	23314172	2012	NoLink
Nat_Methods	37957429	2023	NoLink
Nat_Methods	30202058	2018	NoLink
Nat_Methods	25643149	2015	NoLink
Nat_Methods	20062050	2010	NoLink
Nat_Methods	38871986	2024	NoLink
Nat_Methods	38480903	2024	NoLink
Nat_Methods	26780093	2015	NoLink
Nat_Methods	31768060	2019	NoLink
Nat_Methods	34650233	2022	NoLink
Nat_Methods	32989318	2020	NoLink
Nat_Methods	26501517	2015	NoLink
Nat_Methods	34127855	2021	NoLink
Nat_Methods	28319113	2017	NoLink
Nat_Methods	16118631	2005	abstractNotFound
Nat_Methods	30377349	2019	NoLink
Nat_Methods	28436466	2017	NoLink
Nat_Methods	26480473	2015	NoLink
Nat_Methods	23524394	2013	NoLink
Nat_Methods	21516116	2011	NoLink
Nat_Methods	33963355	2021	NoLink
Nat_Methods	19430475	2009	NoLink
Nat_Methods	30559433	2019	NoLink
Nat_Methods	23103879	2012	NoLink
Nat_Methods	37365340	2023	NoLink
Nat_Methods	22660740	2012	NoLink
Nat_Methods	21297620	2011	NoLink
Nat_Methods	30224672	2018	NoLink
Nat_Methods	37169929	2023	NoLink
Nat_Methods	38811857	2024	NoLink
Nat_Methods	36973549	2023	NoLink
Nat_Methods	36138174	2022	NoLink
Nat_Methods	30377379	2018	NoLink
Nat_Methods	35637304	2022	NoLink
Nat_Methods	28481364	2017	NoLink
Nat_Methods	19668202	2013	NoLink
Nat_Methods	30700902	2019	NoLink
Nat_Methods	27427858	2016	NoLink
Nat_Methods	34725484	2021	NoLink
Nat_Methods	37500758	2023	NoLink
Nat_Methods	32313222	2020	NoLink
Nat_Methods	39572716	2024	NoLink
Nat_Methods	38052989	2023	NoLink
Nat_Methods	22581371	2012	NoLink
Nat_Methods	30742040	2019	NoLink
Nat_Methods	23921808	2013	available www.crapome.org -1 
Nat_Methods	22522656	2012	NoLink
Nat_Methods	29608554	2018	NoLink
Nat_Methods	32601425	2020	NoLink
Nat_Methods	39533008	2024	NoLink
Nat_Methods	23817071	2013	NoLink
Nat_Methods	21552254	2011	NoLink
Nat_Methods	35354982	2022	abstractNotFound
Nat_Methods	37081094	2023	NoLink
Nat_Methods	35027765	2022	NoLink
Nat_Methods	21037589	2010	NoLink
Nat_Methods	25707030	2015	NoLink
Nat_Methods	22466794	2012	NoLink
Nat_Methods	21666670	2012	NoLink
Nat_Methods	38443507	2024	NoLink
Nat_Methods	22245809	2011	NoLink
Nat_Methods	32251396	2020	NoLink
Nat_Methods	19287394	2009	NoLink
Nat_Methods	26619013	2016	NoLink
Nat_Methods	34711971	2021	NoLink
Nat_Methods	25984700	2016	available https://github.com/adamewing/bamsurgeon/ 301 
Nat_Methods	32839597	2021	NoLink
Nat_Methods	34608322	2021	NoLink
Nat_Methods	36646896	2023	NoLink
Nat_Methods	23817069	2013	NoLink
Nat_Methods	25707029	2015	NoLink
Nat_Methods	39394503	2024	NoLink
Nat_Methods	36175767	2022	NoLink
Nat_Methods	25028896	2014	NoLink
Nat_Methods	32123397	2020	NoLink
Nat_Methods	28825706	2017	NoLink
Nat_Methods	25581801	2016	null http://seek.princeton.edu 301 
Nat_Methods	37653118	2023	NoLink
Nat_Methods	32296171	2020	abstractNotFound
Nat_Methods	20364149	2010	NoLink
Nat_Methods	22484849	2013	NoLink
Nat_Methods	37783884	2023	NoLink
Nat_Methods	33542514	2021	NoLink
Nat_Methods	32661426	2021	NoLink
Nat_Methods	25108687	2014	abstractNotFound
Nat_Methods	26878382	2016	NoLink
Nat_Methods	36097212	2022	NoLink
Nat_Methods	24240321	2013	NoLink
Nat_Methods	27214047	2016	NoLink
Nat_Methods	20512143	2010	NoLink
Nat_Methods	25867850	2015	NoLink
Nat_Methods	22120467	2011	NoLink
Nat_Methods	21516115	2011	NoLink
Nat_Methods	37723243	2023	NoLink
Nat_Methods	39317729	2024	NoLink
Nat_Methods	27159086	2016	NoLink
Nat_Methods	36357692	2022	NoLink
Nat_Methods	34354294	2021	NoLink
Nat_Methods	27479329	2016	NoLink
Nat_Methods	35277707	2022	NoLink
Nat_Methods	23913260	2013	NoLink
Nat_Methods	38191932	2024	NoLink
Nat_Methods	27479330	2016	NoLink
Nat_Methods	30013045	2018	NoLink
Nat_Methods	22751203	2012	NoLink
Nat_Methods	26901648	2016	NoLink
Nat_Methods	33230324	2020	NoLink
Nat_Methods	34462594	2021	NoLink
Nat_Methods	19465919	2009	NoLink
Nat_Methods	31740821	2019	NoLink
Nat_Methods	27454285	2016	NoLink
Nat_Methods	32015544	2021	NoLink
Nat_Methods	37024653	2023	NoLink
Nat_Methods	38177507	2024	NoLink
Nat_Methods	21317909	2011	NoLink
Nat_Methods	26322838	2017	NoLink
Nat_Methods	23524392	2013	NoLink
Nat_Methods	38907114	2024	NoLink
Nat_Methods	28650476	2017	NoLink
Nat_Methods	37770710	2023	NoLink
Nat_Methods	35102346	2022	NoLink
Nat_Methods	38658646	2024	NoLink
Nat_Methods	28869755	2017	NoLink
Nat_Methods	22343343	2012	NoLink
Nat_Methods	26480474	2015	NoLink
Nat_Methods	26950745	2016	NoLink
Nat_Methods	26780094	2015	null http://www.genomespace.org 301 
Nat_Methods	33589836	2021	NoLink
Nat_Methods	38509328	2024	NoLink
Nat_Methods	19767758	2009	NoLink
Nat_Methods	31501548	2019	NoLink
Nat_Methods	30377360	2018	NoLink
Nat_Methods	23064520	2012	NoLink
Nat_Methods	23241633	2012	NoLink
Nat_Methods	20228814	2010	NoLink
Nat_Methods	22796663	2012	NoLink
Nat_Methods	30742039	2018	NoLink
Nat_Methods	38561451	2024	abstractNotFound
Nat_Methods	28346450	2017	NoLink
Nat_Methods	28263961	2017	tool https://github.com/vals/umis 301 
Nat_Methods	31363222	2019	NoLink
Nat_Methods	37783883	2023	NoLink
Nat_Methods	24633408	2014	NoLink
Nat_Methods	37813990	2023	NoLink
Nat_Methods	21874007	2011	NoLink
Nat_Methods	25194847	2014	NoLink
Nat_Methods	34608324	2021	NoLink
Nat_Methods	27295310	2016	NoLink
Nat_Methods	38366241	2024	NoLink
Nat_Methods	31501549	2019	NoLink
Nat_Methods	23503053	2013	NoLink
Nat_Methods	31636459	2019	NoLink
Nat_Methods	38036854	2023	NoLink
Nat_Methods	24705474	2014	NoLink
Nat_Methods	26258292	2015	NoLink
Nat_Methods	24584195	2014	NoLink
Nat_Methods	23708386	2013	NoLink
Nat_Methods	18758453	2009	NoLink
Nat_Methods	21552255	2012	NoLink
Nat_Methods	30923381	2020	null https://selene.flatironinstitute.org/ 200 
Nat_Methods	27135972	2016	NoLink
Nat_Methods	39271806	2024	NoLink
Nat_Methods	36424441	2022	NoLink
Nat_Methods	36076037	2022	NoLink
Nat_Methods	30127506	2018	NoLink
Nat_Methods	30643213	2018	NoLink
Nat_Methods	23666411	2013	NoLink
Nat_Methods	30962624	2019	NoLink
Nat_Methods	25599549	2014	NoLink
Nat_Methods	34594033	2021	NoLink
Nat_Methods	38951670	2024	null https://colab.research.google.com/github/BojarLab/CandyCrunch/blob/main/CandyCrunch.ipynb 301 
Nat_Methods	23817070	2013	NoLink
Nat_Methods	35534632	2022	NoLink
Nat_Methods	31591578	2019	null http://topaz.csail.mit.edu 308 
Nat_Methods	34916672	2021	NoLink
Nat_Methods	34480155	2021	NoLink
Nat_Methods	39039336	2024	NoLink
Nat_Methods	26657556	2015	abstractNotFound
Nat_Methods	39294368	2024	NoLink
Nat_Methods	25362363	2014	NoLink
Nat_Methods	28869758	2017	NoLink
Nat_Methods	21963607	2011	NoLink
Nat_Methods	39210066	2024	NoLink
Nat_Methods	34594031	2021	null https://cytosig.ccr.cancer.gov 403 
Nat_Methods	35145319	2021	NoLink
Nat_Methods	29334378	2017	NoLink
Nat_Methods	35606446	2022	NoLink
Nat_Methods	29630062	2018	NoLink
Nat_Methods	21725298	2011	NoLink
Nat_Methods	23793237	2013	NoLink
Nat_Methods	19915559	2011	abstractNotFound
Nat_Methods	19412169	2009	NoLink
Nat_Methods	35277705	2022	NoLink
Nat_Methods	38514778	2024	NoLink
Nat_Methods	31768058	2019	NoLink
Nat_Methods	29915188	2019	NoLink
Nat_Methods	26569599	2015	available http://mmb.irbbarcelona.org/ParmBSC1/ 200 
Nat_Methods	28650478	2017	NoLink
Nat_Methods	30504886	2018	NoLink
Nat_Methods	21037590	2011	NoLink
Nat_Methods	31384045	2019	NoLink
Nat_Methods	19079253	2008	NoLink
Nat_Methods	19448641	2009	NoLink
Nat_Methods	20190761	2010	NoLink
Nat_Methods	31740818	2019	NoLink
Nat_Methods	30573846	2018	NoLink
Nat_Methods	26322836	2015	NoLink
Nat_Methods	34341582	2021	NoLink
Nat_Methods	37202537	2023	NoLink
Nat_Methods	24973948	2014	NoLink
Nat_Methods	23202432	2012	NoLink
Nat_Methods	28783155	2017	NoLink
Nat_Methods	37903912	2023	abstractNotFound
Nat_Methods	38965443	2024	NoLink
Nat_Methods	39251798	2024	NoLink
Nat_Methods	37076630	2023	NoLink
Nat_Methods	28846089	2017	NoLink
Nat_Methods	31110281	2019	NoLink
Nat_Methods	35396484	2022	NoLink
Nat_Methods	26780092	2016	NoLink
Nat_Methods	32895537	2021	NoLink
Nat_Methods	29713081	2018	null https://github.com/TheJacksonLaboratory/Picky 301 
Nat_Methods	36424442	2022	NoLink
Nat_Methods	23563795	2013	NoLink
Nat_Methods	38191930	2024	NoLink
Nat_Methods	19122669	2008	NoLink
Nat_Methods	28737741	2017	NoLink
Nat_Methods	39103447	2024	NoLink
Nat_Methods	21217751	2010	NoLink
Nat_Methods	22266542	2012	NoLink
Nat_Methods	24076762	2013	NoLink
Nat_Methods	26005812	2015	NoLink
Nat_Methods	37002378	2023	abstractNotFound
Nat_Methods	34824475	2021	NoLink
Nat_Methods	24240319	2013	NoLink
Nat_Methods	24412978	2014	software http://www.ebi.ac.uk/thornton-srv/software/rbl/ 404 
Nat_Methods	32616928	2020	NoLink
Nat_Methods	21706014	2011	NoLink
Nat_Methods	21804536	2011	NoLink
Nat_Methods	20871617	2010	NoLink
Nat_Methods	24836920	2014	NoLink
Nat_Methods	30327572	2018	abstractNotFound
Nat_Methods	23416756	2013	NoLink
Nat_Methods	34608318	2021	NoLink
Nat_Methods	37474806	2023	NoLink
Nat_Methods	36280715	2022	NoLink
Nat_Methods	24509630	2014	NoLink
Nat_Methods	22406855	2013	NoLink
Nat_Methods	26098021	2015	NoLink
Nat_Methods	NA	2008	NoLink
Nat_Methods	26901650	2016	NoLink
Nat_Methods	36050490	2022	NoLink
Nat_Methods	22447133	2016	NoLink
Nat_Methods	38036853	2023	NoLink
Nat_Methods	26999002	2016	NoLink
Nat_Methods	24727651	2014	NoLink
Nat_Methods	31969730	2020	abstractNotFound
Nat_Methods	34226720	2021	NoLink
Nat_Methods	31249422	2019	NoLink
Nat_Methods	19160518	2010	NoLink
Nat_Methods	30858598	2019	NoLink
Nat_Methods	37919419	2023	NoLink
Nat_Methods	25486063	2015	NoLink
Nat_Methods	21217749	2010	NoLink
Nat_Methods	32929269	2020	NoLink
Nat_Methods	19029906	2008	NoLink
Nat_Methods	32042190	2020	NoLink
Nat_Methods	24317253	2014	NoLink
Nat_Methods	30664778	2018	NoLink
Nat_Methods	31308548	2019	NoLink
Nat_Methods	23314171	2014	NoLink
Nat_Methods	32009854	2019	abstractNotFound
Nat_Methods	26030446	2015	NoLink
Nat_Methods	26030444	2016	NoLink
Nat_Methods	27525976	2016	abstractNotFound
Nat_Methods	29529017	2018	method https://github.com/erhard-lab/price 301 
Nat_Methods	33649590	2021	NoLink
Nat_Methods	26053890	2015	NoLink
Nat_Methods	24213166	2013	NoLink
Nat_Methods	39014074	2024	NoLink
Nat_Methods	26322839	2015	NoLink
Nat_Methods	22941365	2013	NoLink
Nat_Methods	29988094	2018	NoLink
Nat_Methods	38347139	2024	NoLink
Nat_Methods	24162923	2013	NoLink
Nat_Methods	24681694	2014	NoLink
Nat_Methods	20639868	2010	NoLink
Nat_Methods	28846087	2017	NoLink
Nat_Methods	30038414	2018	NoLink
Nat_Methods	38326495	2024	NoLink
Nat_Methods	20101245	2010	NoLink
Nat_Methods	38589517	2024	NoLink
Nat_Methods	31659327	2019	NoLink
Nat_Methods	28481363	2017	NoLink
Nat_Methods	25915120	2015	NoLink
Nat_Methods	19252504	2009	NoLink
Nat_Methods	21240279	2011	NoLink
Nat_Methods	37291262	2023	NoLink
Nat_Methods	24509632	2014	NoLink
Nat_Methods	23103881	2012	NoLink
Nat_Methods	31591580	2019	NoLink
Nat_Methods	35577958	2022	NoLink
Nat_Methods	32601424	2021	NoLink
Nat_Methods	33408405	2020	NoLink
Nat_Methods	28604723	2017	NoLink
Nat_Methods	35915194	2022	NoLink
Nat_Methods	39482463	2024	NoLink
Nat_Methods	19620972	2009	NoLink
Nat_Methods	29867192	2018	NoLink
Nat_Methods	37996751	2023	NoLink
Nat_Methods	23685885	2013	NoLink
Nat_Methods	18500348	2009	NoLink
Nat_Methods	24509633	2014	NoLink
Nat_Methods	31611694	2019	NoLink
Nat_Methods	25437436	2014	NoLink
Nat_Methods	31110282	2019	NoLink
Nat_Methods	35906296	2022	NoLink
Nat_Methods	27479328	2016	NoLink
Nat_Methods	25028895	2014	NoLink
Nat_Methods	23314173	2013	NoLink
Nat_Methods	20711195	2010	NoLink
Nat_Methods	25506720	2015	NoLink
Nat_Methods	37012480	2023	available http://scp.slavovlab.net/pSCoPE 301 
Nat_Methods	35750961	2022	NoLink
Nat_Methods	26121403	2015	NoLink
Nat_Methods	29355848	2017	null http://interactomeinsider.yulab.org 200 
Nat_Methods	24441936	2014	NoLink
Nat_Methods	30962621	2019	NoLink
Nat_Methods	33986545	2022	NoLink
Nat_Methods	23474466	2013	NoLink
Nat_Methods	21057495	2011	NoLink
Nat_Methods	23934076	2013	NoLink
Nat_Methods	20581828	2010	NoLink
Nat_Methods	34446921	2021	NoLink
Nat_Methods	37002377	2023	NoLink
Nat_Methods	31308549	2019	NoLink
Nat_Methods	33589839	2021	tool https://scvi-tools.org 301 
Nat_Methods	32778833	2020	NoLink
Nat_Methods	22388287	2012	NoLink
Nat_Methods	25173706	2014	NoLink
Nat_Methods	38238557	2024	NoLink
Nat_Methods	39349603	2024	NoLink
Nat_Methods	29131163	2017	NoLink
Nat_Methods	21297621	2011	NoLink
Nat_Methods	30532080	2018	NoLink
Nat_Methods	35396487	2022	NoLink
Nat_Methods	32341545	2020	abstractNotFound
Nat_Methods	21240280	2010	NoLink
Nat_Methods	26167643	2017	NoLink
Nat_Methods	29256496	2017	NoLink
Nat_Methods	30287931	2018	abstractNotFound
Nat_Methods	24809628	2014	NoLink
Nat_Methods	19122668	2011	NoLink
Nat_Methods	37336949	2023	NoLink
Nat_Methods	32483332	2021	NoLink
Nat_Methods	33820988	2021	method https://github.com/fanglab/nanodisco 301 
Nat_Methods	23291723	2012	NoLink
Nat_Methods	29320486	2017	NoLink
Nat_Methods	28783153	2017	NoLink
Nat_Methods	35618956	2022	abstractNotFound
Nat_Methods	36522500	2022	NoLink
Nat_Methods	20364146	2010	abstractNotFound
Nat_Methods	19633664	2009	NoLink
Nat_Methods	29256494	2017	NoLink
Nat_Methods	36639584	2023	NoLink
Nat_Methods	30275587	2018	NoLink
Nat_Methods	33963348	2021	NoLink
Nat_Methods	26121406	2015	NoLink
Nat_Methods	35379947	2022	NoLink
Nat_Methods	31819267	2019	NoLink
Nat_Methods	33208977	2020	NoLink
Nat_Methods	24658142	2014	NoLink
Nat_Methods	22484850	2013	NoLink
Nat_Methods	19079254	2008	NoLink
Nat_Methods	24658141	2014	NoLink
Nat_Methods	31686040	2019	NoLink
Nat_Methods	33046896	2021	NoLink
Nat_Methods	22286385	2012	NoLink
Nat_Methods	29176591	2018	NoLink
Nat_Methods	22863882	2012	NoLink
Nat_Methods	27018577	2016	code https://www.encodeproject.org 301 
Nat_Methods	39123079	2024	NoLink
Nat_Methods	34239103	2021	NoLink
Nat_Methods	26366987	2015	NoLink
Nat_Methods	35927475	2022	NoLink
Nat_Methods	24930130	2014	NoLink
Nat_Methods	25086505	2014	null http://epiviz.cbcb.umd.edu -1 
Nat_Methods	37813988	2023	available https://github.com/alncat/opusDSD 301 
Nat_Methods	36536091	2022	NoLink
Nat_Methods	23241632	2012	NoLink
Nat_Methods	23455923	2013	NoLink
Nat_Methods	32760039	2020	abstractNotFound
Nat_Methods	28628127	2017	NoLink
Nat_Methods	30052624	2018	NoLink
Nat_Methods	31740819	2019	NoLink
Nat_Methods	23603899	2013	NoLink
Nat_Methods	36997817	2023	NoLink
Nat_Methods	22961247	2012	NoLink
Nat_Methods	25194848	2014	NoLink
Nat_Methods	24122039	2013	NoLink
Nat_Methods	22902935	2012	NoLink
Nat_Methods	23749299	2013	NoLink
Nat_Methods	30504889	2018	NoLink
Nat_Methods	28991892	2018	NoLink
Nat_Methods	20228812	2010	NoLink
Nat_Methods	37932398	2023	NoLink
Nat_Methods	23223166	2012	abstractNotFound
Nat_Methods	20208532	2010	NoLink
Nat_Methods	29967493	2018	NoLink
Nat_Methods	33020657	2020	NoLink
Nat_Methods	26657558	2015	NoLink
Nat_Methods	37749212	2023	NoLink
Nat_Methods	30202059	2018	abstractNotFound
Nat_Methods	39478175	2024	NoLink
Nat_Methods	18469824	2009	NoLink
Nat_Methods	25707028	2015	NoLink
Nat_Methods	23202435	2012	NoLink
Nat_Methods	22561988	2012	NoLink
Nat_Methods	24076764	2013	NoLink
Nat_Methods	31249421	2019	NoLink
Nat_Methods	22863883	2014	NoLink
Nat_Methods	23852451	2014	NoLink
Nat_Methods	20195256	2010	NoLink
Nat_Methods	27135974	2016	NoLink
Nat_Methods	34737453	2021	NoLink
Nat_Methods	35817938	2022	NoLink
Nat_Methods	22388288	2012	NoLink
Nat_Methods	29553578	2018	NoLink
Nat_Methods	21909102	2013	NoLink
Nat_Methods	19137005	2010	NoLink
Nat_Methods	39402214	2024	null https://glycoshape.org 200 
Nat_Methods	39085432	2024	null https://anders-biostat.github.io/MethSCAn 301 
Nat_Methods	22504587	2012	NoLink
Nat_Methods	37024654	2023	NoLink
Nat_Methods	32123391	2020	NoLink
Nat_Methods	38049699	2023	NoLink
Nat_Methods	20818378	2010	NoLink
Nat_Methods	19838170	2010	NoLink
Nat_Methods	35789207	2022	NoLink
Nat_Methods	36611125	2023	NoLink
Nat_Methods	30559431	2018	NoLink
Nat_Methods	21743461	2011	NoLink
Nat_Methods	34824474	2021	NoLink
Nat_Methods	21642964	2011	NoLink
Nat_Methods	26053889	2015	NoLink
Nat_Methods	20711194	2010	NoLink
Nat_Methods	28869757	2017	NoLink
Nat_Methods	28869756	2017	NoLink
Nat_Methods	35637302	2022	NoLink
Nat_Methods	30742041	2019	NoLink
Nat_Methods	37169928	2023	NoLink
Nat_Methods	27918541	2016	NoLink
Nat_Methods	19543287	2009	NoLink
Nat_Methods	31358979	2019	NoLink
Nat_Methods	38720062	2024	NoLink
Nat_Methods	33230323	2021	NoLink
Nat_Methods	31907444	2019	NoLink
Nat_Methods	39420141	2024	NoLink
Nat_Methods	27669326	2016	NoLink
Nat_Methods	22961245	2012	NoLink
Nat_Methods	29131164	2017	NoLink
Nat_Methods	21946668	2011	NoLink
Nat_Methods	30397326	2018	NoLink
Nat_Methods	21186361	2013	NoLink
Nat_Methods	31384043	2019	NoLink
Nat_Methods	33941937	2021	NoLink
Nat_Methods	23817068	2013	NoLink
Nat_Methods	24317252	2014	NoLink
Nat_Methods	34480161	2021	abstractNotFound
Nat_Methods	24781323	2014	NoLink
Nat_Methods	24037244	2013	NoLink
Nat_Methods	37429995	2023	NoLink
Nat_Methods	20364147	2010	NoLink
Nat_Methods	34725485	2021	NoLink
Nat_Methods	26344043	2015	null http://qb.cshl.edu/ginkgo 503 
Nat_Methods	31969731	2020	abstractNotFound
Nat_Methods	37106231	2023	NoLink
Nat_Methods	30923372	2019	NoLink
Nat_Methods	39256629	2024	NoLink
Nat_Methods	36585456	2022	NoLink
Nat_Methods	28846088	2017	NoLink
Nat_Methods	22037705	2011	NoLink
Nat_Methods	34226721	2021	NoLink
Nat_Methods	37592182	2023	NoLink
Nat_Methods	38151595	2023	NoLink
Nat_Methods	21102453	2010	NoLink
Nat_Methods	37770709	2023	NoLink
Nat_Methods	35132244	2021	NoLink
Nat_Methods	25262207	2014	null http://rnbeads.mpi-inf.mpg.de 301 
Nat_Methods	18641657	2009	NoLink
Nat_Methods	37735568	2023	NoLink
Nat_Methods	22306808	2012	NoLink
Nat_Methods	27271197	2016	NoLink
Nat_Methods	32968250	2020	NoLink
Nat_Methods	20495556	2010	NoLink
Nat_Methods	20228815	2010	NoLink
Nat_Methods	24997861	2014	NoLink
Nat_Methods	24531419	2014	NoLink
Nat_Methods	36690742	2023	NoLink
Nat_Methods	25532138	2016	NoLink
Nat_Methods	23503052	2013	NoLink
Nat_Methods	21532582	2011	NoLink
Nat_Methods	34969984	2021	NoLink
Nat_Methods	29200198	2018	NoLink
Nat_Methods	19597502	2009	NoLink
Nat_Methods	26950746	2016	NoLink
Nat_Methods	24727652	2014	NoLink
Nat_Methods	30923373	2020	null https://github.com/Xinglab/DARTS 301 
Nat_Methods	38036856	2024	software https://github.com/milkschen/leviosam2 301 
Nat_Methods	20805793	2010	NoLink
Nat_Methods	39420143	2024	NoLink
Nat_Methods	27018578	2016	NoLink
Nat_Methods	31740815	2019	NoLink
Nat_Methods	25686390	2015	NoLink
Nat_Methods	36585454	2022	NoLink
Nat_Methods	36076039	2022	NoLink
Nat_Methods	22886092	2012	NoLink
Nat_Methods	23817127	2013	NoLink
Nat_Methods	21822273	2011	NoLink
Nat_Methods	22886093	2012	NoLink
Nat_Methods	38049698	2023	NoLink
Nat_Methods	35228727	2022	NoLink
Nat_Methods	28604721	2017	NoLink
Nat_Methods	32541853	2021	NoLink
Nat_Methods	38877317	2024	NoLink
Nat_Methods	28714986	2017	NoLink
Nat_Methods	23377379	2013	NoLink
Nat_Methods	38997595	2024	NoLink
Nat_Methods	38886577	2024	NoLink
Nat_Methods	23892895	2013	NoLink
Nat_Methods	31363225	2019	NoLink
Nat_Methods	38664529	2024	NoLink
Nat_Methods	19525957	2010	NoLink
Nat_Methods	32719531	2020	NoLink
Nat_Methods	35105969	2022	NoLink
Nat_Methods	19404253	2010	NoLink
Nat_Methods	32994567	2020	NoLink
Nat_Methods	25686389	2016	NoLink
Nat_Methods	22343342	2012	NoLink
