Nat_Biotechnol	31406327	2019	NoLink
Nat_Biotechnol	19749770	2010	NoLink
Nat_Biotechnol	32868913	2020	NoLink
Nat_Biotechnol	21552240	2011	abstractNotFound
Nat_Biotechnol	37667091	2023	NoLink
Nat_Biotechnol	28650461	2017	NoLink
Nat_Biotechnol	27701403	2016	NoLink
Nat_Biotechnol	31992864	2020	abstractNotFound
Nat_Biotechnol	30010674	2018	NoLink
Nat_Biotechnol	33288905	2020	NoLink
Nat_Biotechnol	26098450	2016	NoLink
Nat_Biotechnol	35978134	2022	abstractNotFound
Nat_Biotechnol	23242161	2017	NoLink
Nat_Biotechnol	35379961	2022	NoLink
Nat_Biotechnol	28714966	2017	NoLink
Nat_Biotechnol	36997681	2023	NoLink
Nat_Biotechnol	30418433	2019	NoLink
Nat_Biotechnol	25357182	2014	NoLink
Nat_Biotechnol	NA	2022	NoLink
Nat_Biotechnol	21685906	2011	NoLink
Nat_Biotechnol	35177836	2022	null https://pints.yulab.org 301 
Nat_Biotechnol	27376584	2016	NoLink
Nat_Biotechnol	36944844	2023	abstractNotFound
Nat_Biotechnol	26619012	2015	NoLink
Nat_Biotechnol	21516085	2011	NoLink
Nat_Biotechnol	32661440	2020	abstractNotFound
Nat_Biotechnol	28263296	2017	NoLink
Nat_Biotechnol	30222169	2018	NoLink
Nat_Biotechnol	35915352	2022	NoLink
Nat_Biotechnol	14990943	2004	abstractNotFound
Nat_Biotechnol	35136231	2022	NoLink
Nat_Biotechnol	31907404	2019	NoLink
Nat_Biotechnol	18066039	2007	NoLink
Nat_Biotechnol	27136077	2016	NoLink
Nat_Biotechnol	37106037	2023	NoLink
Nat_Biotechnol	38168980	2024	NoLink
Nat_Biotechnol	23503680	2013	NoLink
Nat_Biotechnol	34489600	2021	NoLink
Nat_Biotechnol	36109685	2022	NoLink
Nat_Biotechnol	20639865	2010	NoLink
Nat_Biotechnol	25402615	2014	NoLink
Nat_Biotechnol	26829317	2016	NoLink
Nat_Biotechnol	23051804	2012	NoLink
Nat_Biotechnol	23302928	2015	abstractNotFound
Nat_Biotechnol	33077962	2020	NoLink
Nat_Biotechnol	24441473	2014	NoLink
Nat_Biotechnol	26414351	2016	NoLink
Nat_Biotechnol	26501952	2015	NoLink
Nat_Biotechnol	38012450	2023	null NCT03163511 -1 
Nat_Biotechnol	36357719	2022	NoLink
Nat_Biotechnol	33619394	2021	NoLink
Nat_Biotechnol	37231263	2023	NoLink
Nat_Biotechnol	27669167	2016	abstractNotFound
Nat_Biotechnol	36658341	2023	NoLink
Nat_Biotechnol	16525392	2006	NoLink
Nat_Biotechnol	26167629	2016	NoLink
Nat_Biotechnol	32855547	2020	NoLink
Nat_Biotechnol	19234448	2009	NoLink
Nat_Biotechnol	37985875	2023	NoLink
Nat_Biotechnol	16151400	2005	NoLink
Nat_Biotechnol	20729833	2010	NoLink
Nat_Biotechnol	26928769	2016	NoLink
Nat_Biotechnol	28829438	2017	NoLink
Nat_Biotechnol	35879364	2022	NoLink
Nat_Biotechnol	20581845	2010	NoLink
Nat_Biotechnol	21997627	2011	NoLink
Nat_Biotechnol	36593405	2023	NoLink
Nat_Biotechnol	33046875	2020	NoLink
Nat_Biotechnol	26436575	2015	NoLink
Nat_Biotechnol	31138913	2019	abstractNotFound
Nat_Biotechnol	26237516	2015	NoLink
Nat_Biotechnol	21747377	2011	NoLink
Nat_Biotechnol	27088724	2016	NoLink
Nat_Biotechnol	28165475	2017	NoLink
Nat_Biotechnol	28319085	2017	NoLink
Nat_Biotechnol	36702898	2023	NoLink
Nat_Biotechnol	35241836	2022	NoLink
Nat_Biotechnol	21964415	2011	NoLink
Nat_Biotechnol	30940948	2019	abstractNotFound
Nat_Biotechnol	23657386	2013	abstractNotFound
Nat_Biotechnol	32719479	2020	NoLink
Nat_Biotechnol	37749268	2023	NoLink
Nat_Biotechnol	19060879	2009	NoLink
Nat_Biotechnol	22267011	2012	abstractNotFound
Nat_Biotechnol	21139590	2010	abstractNotFound
Nat_Biotechnol	33376248	2020	NoLink
Nat_Biotechnol	28581492	2017	NoLink
Nat_Biotechnol	25798938	2015	NoLink
Nat_Biotechnol	37037903	2023	NoLink
Nat_Biotechnol	19329999	2009	NoLink
Nat_Biotechnol	26344404	2015	NoLink
Nat_Biotechnol	29813047	2018	NoLink
Nat_Biotechnol	36471135	2022	NoLink
Nat_Biotechnol	29734294	2018	NoLink
Nat_Biotechnol	25419739	2014	NoLink
Nat_Biotechnol	36593414	2023	NoLink
Nat_Biotechnol	19741643	2009	NoLink
Nat_Biotechnol	23475073	2013	NoLink
Nat_Biotechnol	29969440	2018	NoLink
Nat_Biotechnol	29608178	2018	NoLink
Nat_Biotechnol	30787468	2019	abstractNotFound
Nat_Biotechnol	31427820	2020	NoLink
Nat_Biotechnol	35338362	2022	NoLink
Nat_Biotechnol	18688242	2008	NoLink
Nat_Biotechnol	34711990	2021	NoLink
Nat_Biotechnol	29979655	2018	abstractNotFound
Nat_Biotechnol	30718882	2019	NoLink
Nat_Biotechnol	26372948	2015	NoLink
Nat_Biotechnol	26501954	2018	NoLink
Nat_Biotechnol	23051811	2013	NoLink
Nat_Biotechnol	33110209	2020	NoLink
Nat_Biotechnol	31844292	2019	NoLink
Nat_Biotechnol	23138309	2012	NoLink
Nat_Biotechnol	36973557	2023	NoLink
Nat_Biotechnol	23792628	2013	NoLink
Nat_Biotechnol	23360964	2013	NoLink
Nat_Biotechnol	25798937	2015	NoLink
Nat_Biotechnol	36849830	2023	NoLink
Nat_Biotechnol	19581876	2009	NoLink
Nat_Biotechnol	37679544	2023	NoLink
Nat_Biotechnol	34017142	2021	abstractNotFound
Nat_Biotechnol	36624149	2023	NoLink
Nat_Biotechnol	34635838	2021	NoLink
Nat_Biotechnol	25849900	2015	NoLink
Nat_Biotechnol	36717693	2023	NoLink
Nat_Biotechnol	23138310	2012	NoLink
Nat_Biotechnol	15951805	2005	NoLink
Nat_Biotechnol	24316643	2013	abstractNotFound
Nat_Biotechnol	26807527	2016	NoLink
Nat_Biotechnol	34635835	2021	NoLink
Nat_Biotechnol	32788668	2020	NoLink
Nat_Biotechnol	27054989	2016	NoLink
Nat_Biotechnol	24531797	2014	NoLink
Nat_Biotechnol	35851378	2022	abstractNotFound
Nat_Biotechnol	33462509	2020	NoLink
Nat_Biotechnol	20010599	2009	NoLink
Nat_Biotechnol	23851448	2013	NoLink
Nat_Biotechnol	20944599	2010	NoLink
Nat_Biotechnol	23396013	2013	NoLink
Nat_Biotechnol	37500913	2023	NoLink
Nat_Biotechnol	37735263	2023	NoLink
Nat_Biotechnol	26076430	2015	NoLink
Nat_Biotechnol	19838197	2009	NoLink
Nat_Biotechnol	32601430	2020	NoLink
Nat_Biotechnol	33432199	2021	NoLink
Nat_Biotechnol	21102455	2010	NoLink
Nat_Biotechnol	20829833	2010	null http://www.biopax.org 200 
Nat_Biotechnol	32879467	2020	NoLink
Nat_Biotechnol	30307930	2018	NoLink
Nat_Biotechnol	34158667	2021	NoLink
Nat_Biotechnol	18066040	2007	NoLink
Nat_Biotechnol	24213699	2013	NoLink
Nat_Biotechnol	30531896	2018	NoLink
Nat_Biotechnol	34725503	2021	NoLink
Nat_Biotechnol	30418432	2018	NoLink
Nat_Biotechnol	9555725	1998	NoLink
Nat_Biotechnol	33199876	2020	NoLink
Nat_Biotechnol	24463574	2014	abstractNotFound
Nat_Biotechnol	20010810	2009	abstractNotFound
Nat_Biotechnol	26098448	2015	NoLink
Nat_Biotechnol	31110355	2019	NoLink
Nat_Biotechnol	30247487	2018	NoLink
Nat_Biotechnol	16151391	2005	NoLink
Nat_Biotechnol	36849828	2023	NoLink
Nat_Biotechnol	22037377	2011	NoLink
Nat_Biotechnol	30894680	2019	abstractNotFound
Nat_Biotechnol	28553940	2017	abstractNotFound
Nat_Biotechnol	25150838	2014	NoLink
Nat_Biotechnol	38191663	2024	NoLink
Nat_Biotechnol	33846644	2021	NoLink
Nat_Biotechnol	35314813	2022	NoLink
Nat_Biotechnol	31685959	2019	NoLink
Nat_Biotechnol	25867923	2015	NoLink
Nat_Biotechnol	37697152	2023	NoLink
Nat_Biotechnol	33941932	2021	NoLink
Nat_Biotechnol	19448630	2009	NoLink
Nat_Biotechnol	16878126	2006	NoLink
Nat_Biotechnol	34873328	2021	NoLink
Nat_Biotechnol	34257426	2021	NoLink
Nat_Biotechnol	25402616	2014	NoLink
Nat_Biotechnol	NA	1996	abstractNotFound
Nat_Biotechnol	32341563	2020	NoLink
Nat_Biotechnol	31932729	2019	NoLink
Nat_Biotechnol	37349523	2023	NoLink
Nat_Biotechnol	27398792	2016	NoLink
Nat_Biotechnol	36217031	2022	NoLink
Nat_Biotechnol	24104747	2013	abstractNotFound
Nat_Biotechnol	19182786	2009	NoLink
Nat_Biotechnol	37679543	2023	NoLink
Nat_Biotechnol	37217751	2023	NoLink
Nat_Biotechnol	20622843	2010	abstractNotFound
Nat_Biotechnol	22020385	2011	NoLink
Nat_Biotechnol	22119740	2012	NoLink
Nat_Biotechnol	37012448	2023	NoLink
Nat_Biotechnol	35945433	2022	abstractNotFound
Nat_Biotechnol	33859400	2021	NoLink
Nat_Biotechnol	19329998	2012	NoLink
Nat_Biotechnol	35241838	2022	NoLink
Nat_Biotechnol	25240927	2014	NoLink
Nat_Biotechnol	17287749	2007	NoLink
Nat_Biotechnol	31819260	2019	NoLink
Nat_Biotechnol	28092656	2017	NoLink
Nat_Biotechnol	38081970	2023	NoLink
Nat_Biotechnol	26689544	2015	abstractNotFound
Nat_Biotechnol	31451733	2019	NoLink
Nat_Biotechnol	16601708	2006	abstractNotFound
Nat_Biotechnol	32591763	2020	NoLink
Nat_Biotechnol	32042169	2020	NoLink
Nat_Biotechnol	36536148	2022	NoLink
Nat_Biotechnol	20458318	2010	NoLink
Nat_Biotechnol	18536683	2008	NoLink
Nat_Biotechnol	16273061	2005	NoLink
Nat_Biotechnol	35760915	2022	NoLink
Nat_Biotechnol	26829318	2017	NoLink
Nat_Biotechnol	32958959	2020	NoLink
Nat_Biotechnol	24952901	2014	NoLink
Nat_Biotechnol	35256815	2022	NoLink
Nat_Biotechnol	28459451	2017	NoLink
Nat_Biotechnol	33318652	2020	NoLink
Nat_Biotechnol	20944601	2010	NoLink
Nat_Biotechnol	30936566	2019	NoLink
Nat_Biotechnol	25798939	2015	NoLink
Nat_Biotechnol	37188917	2023	abstractNotFound
Nat_Biotechnol	39543316	2024	abstractNotFound
Nat_Biotechnol	37592036	2023	NoLink
Nat_Biotechnol	29863724	2018	NoLink
Nat_Biotechnol	20436462	2010	NoLink
Nat_Biotechnol	37653226	2023	NoLink
Nat_Biotechnol	29431738	2018	NoLink
Nat_Biotechnol	15229530	2004	NoLink
Nat_Biotechnol	38321114	2024	NoLink
Nat_Biotechnol	35241839	2022	NoLink
Nat_Biotechnol	37156915	2023	NoLink
Nat_Biotechnol	23851447	2013	NoLink
Nat_Biotechnol	36163549	2022	NoLink
Nat_Biotechnol	31375812	2019	NoLink
Nat_Biotechnol	36658340	2023	NoLink
Nat_Biotechnol	29106410	2017	NoLink
Nat_Biotechnol	19855396	2009	NoLink
Nat_Biotechnol	24911488	2014	NoLink
Nat_Biotechnol	38253882	2024	abstractNotFound
Nat_Biotechnol	33875866	2021	NoLink
Nat_Biotechnol	37537502	2023	NoLink
Nat_Biotechnol	20802496	2010	NoLink
Nat_Biotechnol	35953672	2022	null NCT04653922 -1 
Nat_Biotechnol	22922672	2014	NoLink
Nat_Biotechnol	34980914	2022	NoLink
Nat_Biotechnol	23975157	2013	NoLink
Nat_Biotechnol	30962542	2019	NoLink
Nat_Biotechnol	23811600	2013	abstractNotFound
Nat_Biotechnol	30742125	2019	NoLink
Nat_Biotechnol	28604659	2017	NoLink
Nat_Biotechnol	30936564	2019	NoLink
Nat_Biotechnol	29644996	2018	NoLink
Nat_Biotechnol	23000933	2012	NoLink
Nat_Biotechnol	32690971	2020	NoLink
Nat_Biotechnol	15060549	2004	NoLink
Nat_Biotechnol	27669165	2016	NoLink
Nat_Biotechnol	32042165	2020	NoLink
Nat_Biotechnol	32958958	2020	NoLink
Nat_Biotechnol	16404395	2006	NoLink
Nat_Biotechnol	28892078	2017	NoLink
Nat_Biotechnol	27617738	2017	NoLink
Nat_Biotechnol	26258538	2015	NoLink
Nat_Biotechnol	27323300	2016	abstractNotFound
Nat_Biotechnol	36593406	2023	NoLink
Nat_Biotechnol	26571099	2016	NoLink
Nat_Biotechnol	34650271	2021	NoLink
Nat_Biotechnol	31548729	2019	NoLink
Nat_Biotechnol	16273063	2005	abstractNotFound
Nat_Biotechnol	24727714	2015	NoLink
Nat_Biotechnol	34980912	2022	NoLink
Nat_Biotechnol	21822254	2011	NoLink
Nat_Biotechnol	25690853	2015	NoLink
Nat_Biotechnol	35945442	2022	NoLink
Nat_Biotechnol	38212493	2024	NoLink
Nat_Biotechnol	36302986	2022	NoLink
Nat_Biotechnol	21983520	2011	NoLink
Nat_Biotechnol	30556815	2018	NoLink
Nat_Biotechnol	27136076	2016	NoLink
Nat_Biotechnol	19029915	2008	NoLink
Nat_Biotechnol	24752080	2014	NoLink
Nat_Biotechnol	34294911	2021	NoLink
Nat_Biotechnol	27018799	2016	NoLink
Nat_Biotechnol	30346939	2018	abstractNotFound
Nat_Biotechnol	31873216	2019	NoLink
Nat_Biotechnol	35697807	2022	NoLink
Nat_Biotechnol	32989315	2020	NoLink
Nat_Biotechnol	22371084	2012	NoLink
Nat_Biotechnol	24336317	2014	NoLink
Nat_Biotechnol	15592456	2005	NoLink
Nat_Biotechnol	24908277	2014	NoLink
Nat_Biotechnol	37537499	2023	NoLink
Nat_Biotechnol	28787424	2017	NoLink
Nat_Biotechnol	19881494	2009	NoLink
Nat_Biotechnol	18978777	2008	NoLink
Nat_Biotechnol	33077960	2021	NoLink
Nat_Biotechnol	38168989	2024	NoLink
Nat_Biotechnol	33077961	2020	NoLink
Nat_Biotechnol	28604661	2017	NoLink
Nat_Biotechnol	31591551	2019	NoLink
Nat_Biotechnol	33257863	2020	null github.com/skovaka/UNCALLED -1 
Nat_Biotechnol	35637418	2022	NoLink
Nat_Biotechnol	21221095	2012	abstractNotFound
Nat_Biotechnol	35132263	2022	NoLink
Nat_Biotechnol	36702899	2023	NoLink
Nat_Biotechnol	26448092	2015	abstractNotFound
Nat_Biotechnol	21926975	2012	NoLink
Nat_Biotechnol	33420496	2021	abstractNotFound
Nat_Biotechnol	29644997	2018	abstractNotFound
Nat_Biotechnol	31611697	2019	NoLink
Nat_Biotechnol	28459449	2017	NoLink
Nat_Biotechnol	22371081	2012	NoLink
Nat_Biotechnol	26655495	2015	NoLink
Nat_Biotechnol	30899105	2019	NoLink
Nat_Biotechnol	24633240	2014	NoLink
Nat_Biotechnol	30718868	2019	NoLink
Nat_Biotechnol	23929331	2013	abstractNotFound
Nat_Biotechnol	28459448	2017	NoLink
Nat_Biotechnol	35681059	2022	NoLink
Nat_Biotechnol	31740838	2019	NoLink
Nat_Biotechnol	28191902	2017	NoLink
Nat_Biotechnol	22750884	2012	NoLink
Nat_Biotechnol	18066034	2007	NoLink
Nat_Biotechnol	32123384	2020	abstractNotFound
Nat_Biotechnol	32051562	2020	abstractNotFound
Nat_Biotechnol	37460676	2023	NoLink
Nat_Biotechnol	24441474	2014	NoLink
Nat_Biotechnol	36823354	2023	NoLink
Nat_Biotechnol	33888895	2021	NoLink
Nat_Biotechnol	20231818	2010	NoLink
Nat_Biotechnol	37055623	2023	available https://www.github.com/zktuong/dandelion 301 
Nat_Biotechnol	36316484	2022	NoLink
Nat_Biotechnol	23955275	2013	NoLink
Nat_Biotechnol	21765402	2011	NoLink
Nat_Biotechnol	36702897	2023	NoLink
Nat_Biotechnol	17921981	2007	NoLink
Nat_Biotechnol	23417095	2013	NoLink
Nat_Biotechnol	30833764	2019	abstractNotFound
Nat_Biotechnol	30742127	2018	NoLink
Nat_Biotechnol	33795890	2021	abstractNotFound
Nat_Biotechnol	25751057	2014	NoLink
Nat_Biotechnol	36329320	2022	NoLink
Nat_Biotechnol	34707319	2021	NoLink
Nat_Biotechnol	24952903	2014	NoLink
Nat_Biotechnol	37679541	2023	NoLink
Nat_Biotechnol	27347757	2016	NoLink
Nat_Biotechnol	24837661	2014	NoLink
Nat_Biotechnol	32123383	2020	NoLink
Nat_Biotechnol	24336318	2014	NoLink
Nat_Biotechnol	36849829	2023	NoLink
Nat_Biotechnol	22101486	2011	abstractNotFound
Nat_Biotechnol	37679545	2023	NoLink
Nat_Biotechnol	20657582	2010	NoLink
Nat_Biotechnol	30988504	2019	NoLink
Nat_Biotechnol	21221099	2010	abstractNotFound
Nat_Biotechnol	29969439	2018	NoLink
Nat_Biotechnol	38238480	2024	NoLink
Nat_Biotechnol	35668324	2022	NoLink
Nat_Biotechnol	36065022	2022	NoLink
Nat_Biotechnol	30718881	2019	NoLink
Nat_Biotechnol	29334369	2018	NoLink
Nat_Biotechnol	23792629	2013	NoLink
Nat_Biotechnol	34282324	2021	NoLink
Nat_Biotechnol	36593415	2023	NoLink
Nat_Biotechnol	24441470	2014	NoLink
Nat_Biotechnol	36593402	2023	NoLink
Nat_Biotechnol	31659337	2019	NoLink
Nat_Biotechnol	21947029	2012	NoLink
Nat_Biotechnol	21654662	2011	abstractNotFound
Nat_Biotechnol	32393905	2020	NoLink
Nat_Biotechnol	32973360	2020	NoLink
Nat_Biotechnol	30272677	2018	NoLink
Nat_Biotechnol	NA	2006	abstractNotFound
Nat_Biotechnol	32284584	2020	NoLink
Nat_Biotechnol	23334450	2013	NoLink
Nat_Biotechnol	32686750	2020	NoLink
Nat_Biotechnol	30307913	2018	NoLink
Nat_Biotechnol	32661438	2020	NoLink
Nat_Biotechnol	30320765	2018	NoLink
Nat_Biotechnol	37081138	2023	NoLink
Nat_Biotechnol	37095349	2023	NoLink
Nat_Biotechnol	31712774	2019	NoLink
Nat_Biotechnol	35851375	2022	NoLink
Nat_Biotechnol	36323792	2022	abstractNotFound
Nat_Biotechnol	24561554	2014	NoLink
Nat_Biotechnol	30936560	2019	NoLink
Nat_Biotechnol	30102296	2018	NoLink
Nat_Biotechnol	30125266	2018	NoLink
Nat_Biotechnol	36747096	2023	NoLink
Nat_Biotechnol	19029914	2008	NoLink
Nat_Biotechnol	31427819	2019	NoLink
Nat_Biotechnol	26829320	2015	NoLink
Nat_Biotechnol	29889214	2018	NoLink
Nat_Biotechnol	21822241	2011	abstractNotFound
Nat_Biotechnol	29457794	2018	available http://vmh.life 301 
Nat_Biotechnol	30010675	2018	NoLink
Nat_Biotechnol	14704685	2004	abstractNotFound
Nat_Biotechnol	38273067	2024	abstractNotFound
Nat_Biotechnol	35760914	2022	NoLink
Nat_Biotechnol	31209373	2019	NoLink
Nat_Biotechnol	36604543	2023	NoLink
Nat_Biotechnol	33257861	2021	NoLink
Nat_Biotechnol	34764492	2021	NoLink
Nat_Biotechnol	31792410	2019	NoLink
Nat_Biotechnol	35301496	2022	NoLink
Nat_Biotechnol	20351690	2010	NoLink
Nat_Biotechnol	38297187	2024	NoLink
Nat_Biotechnol	33927418	2021	NoLink
Nat_Biotechnol	37857725	2023	NoLink
Nat_Biotechnol	36797494	2023	NoLink
Nat_Biotechnol	33349699	2020	NoLink
Nat_Biotechnol	33795889	2021	NoLink
Nat_Biotechnol	36109686	2022	NoLink
Nat_Biotechnol	35501393	2022	available https://github.com/gao-lab/GLUE 301 
Nat_Biotechnol	36823355	2023	NoLink
Nat_Biotechnol	37024678	2023	NoLink
Nat_Biotechnol	22068540	2016	abstractNotFound
Nat_Biotechnol	25961408	2015	NoLink
Nat_Biotechnol	33257864	2021	available https://www.github.com/looselab/readfish 301 
Nat_Biotechnol	23584610	2013	NoLink
Nat_Biotechnol	28991268	2017	NoLink
Nat_Biotechnol	36624153	2023	NoLink
Nat_Biotechnol	25485616	2015	NoLink
Nat_Biotechnol	32440005	2021	NoLink
Nat_Biotechnol	24658644	2014	abstractNotFound
Nat_Biotechnol	37308687	2023	NoLink
Nat_Biotechnol	14755283	2004	abstractNotFound
Nat_Biotechnol	35922570	2022	abstractNotFound
Nat_Biotechnol	24270850	2013	NoLink
Nat_Biotechnol	25362244	2014	NoLink
Nat_Biotechnol	31844290	2019	NoLink
Nat_Biotechnol	26551060	2016	NoLink
Nat_Biotechnol	33288906	2020	NoLink
Nat_Biotechnol	24463573	2016	NoLink
Nat_Biotechnol	19396161	2009	NoLink
Nat_Biotechnol	37697151	2023	NoLink
Nat_Biotechnol	37156916	2023	NoLink
Nat_Biotechnol	30936561	2019	NoLink
Nat_Biotechnol	32541956	2020	NoLink
Nat_Biotechnol	37783850	2023	abstractNotFound
Nat_Biotechnol	31932726	2020	NoLink
Nat_Biotechnol	29406516	2018	abstractNotFound
Nat_Biotechnol	27240197	2016	NoLink
Nat_Biotechnol	22252507	2012	NoLink
Nat_Biotechnol	20944596	2010	NoLink
Nat_Biotechnol	33384458	2020	abstractNotFound
Nat_Biotechnol	36624151	2023	NoLink
Nat_Biotechnol	33846645	2021	NoLink
Nat_Biotechnol	30475349	2018	NoLink
Nat_Biotechnol	37069313	2023	NoLink
Nat_Biotechnol	27240196	2016	NoLink
Nat_Biotechnol	30114007	2018	NoLink
Nat_Biotechnol	35332339	2022	NoLink
Nat_Biotechnol	22544022	2015	NoLink
Nat_Biotechnol	35241841	2022	abstractNotFound
Nat_Biotechnol	31375809	2019	NoLink
Nat_Biotechnol	35879361	2022	NoLink
Nat_Biotechnol	28922346	2017	NoLink
Nat_Biotechnol	25503383	2014	NoLink
Nat_Biotechnol	37985876	2023	NoLink
Nat_Biotechnol	34083793	2021	NoLink
Nat_Biotechnol	29227470	2018	NoLink
Nat_Biotechnol	36593394	2023	NoLink
Nat_Biotechnol	25282355	2014	NoLink
Nat_Biotechnol	22729031	2012	NoLink
Nat_Biotechnol	35513526	2022	NoLink
Nat_Biotechnol	36217028	2022	NoLink
Nat_Biotechnol	33948002	2021	NoLink
Nat_Biotechnol	15980861	2005	NoLink
Nat_Biotechnol	31844294	2019	NoLink
Nat_Biotechnol	15877075	2005	NoLink
Nat_Biotechnol	29734293	2018	NoLink
Nat_Biotechnol	36690761	2023	NoLink
Nat_Biotechnol	33106681	2020	NoLink
Nat_Biotechnol	20829823	2010	NoLink
Nat_Biotechnol	24770325	2014	NoLink
Nat_Biotechnol	28369033	2017	NoLink
Nat_Biotechnol	36344840	2022	NoLink
Nat_Biotechnol	33462507	2021	NoLink
Nat_Biotechnol	26458175	2015	NoLink
Nat_Biotechnol	35726092	2022	NoLink
Nat_Biotechnol	20543832	2010	NoLink
Nat_Biotechnol	38168984	2024	NoLink
Nat_Biotechnol	24997788	2014	NoLink
Nat_Biotechnol	31548728	2019	NoLink
Nat_Biotechnol	32541958	2020	NoLink
Nat_Biotechnol	29227468	2017	NoLink
Nat_Biotechnol	24108092	2013	abstractNotFound
Nat_Biotechnol	36593403	2023	NoLink
Nat_Biotechnol	37735262	2023	NoLink
Nat_Biotechnol	37974010	2023	NoLink
Nat_Biotechnol	32518401	2020	NoLink
Nat_Biotechnol	37161019	2023	NoLink
Nat_Biotechnol	12833076	2003	abstractNotFound
Nat_Biotechnol	31932728	2019	NoLink
Nat_Biotechnol	32433547	2020	NoLink
Nat_Biotechnol	26655498	2016	NoLink
Nat_Biotechnol	35132260	2021	NoLink
Nat_Biotechnol	23907171	2013	NoLink
Nat_Biotechnol	34608327	2021	NoLink
Nat_Biotechnol	32265554	2020	abstractNotFound
Nat_Biotechnol	18297058	2009	NoLink
Nat_Biotechnol	15583685	2004	abstractNotFound
Nat_Biotechnol	26854477	2015	NoLink
Nat_Biotechnol	21390033	2011	NoLink
Nat_Biotechnol	36329325	2022	NoLink
Nat_Biotechnol	21248753	2011	NoLink
Nat_Biotechnol	28346402	2017	NoLink
Nat_Biotechnol	35945434	2022	abstractNotFound
Nat_Biotechnol	30556814	2018	NoLink
Nat_Biotechnol	28398310	2017	abstractNotFound
Nat_Biotechnol	31011178	2019	NoLink
Nat_Biotechnol	36316485	2022	NoLink
Nat_Biotechnol	27240195	2016	NoLink
Nat_Biotechnol	24964173	2014	NoLink
Nat_Biotechnol	38273065	2024	NoLink
Nat_Biotechnol	35726091	2022	NoLink
Nat_Biotechnol	34211161	2021	NoLink
Nat_Biotechnol	30295673	2018	NoLink
Nat_Biotechnol	33020633	2020	NoLink
Nat_Biotechnol	31477922	2019	NoLink
Nat_Biotechnol	32341562	2021	NoLink
Nat_Biotechnol	32681136	2020	abstractNotFound
Nat_Biotechnol	21037591	2010	NoLink
Nat_Biotechnol	37853258	2023	abstractNotFound
Nat_Biotechnol	35922571	2022	NoLink
Nat_Biotechnol	35102293	2022	NoLink
Nat_Biotechnol	28459450	2017	NoLink
Nat_Biotechnol	30692693	2019	NoLink
Nat_Biotechnol	25558867	2016	NoLink
Nat_Biotechnol	38225466	2024	available https://github.com/nitzanlab/biolord 301 
Nat_Biotechnol	18183014	2008	NoLink
Nat_Biotechnol	20944581	2010	abstractNotFound
Nat_Biotechnol	37231260	2023	NoLink
Nat_Biotechnol	33087898	2020	NoLink
Nat_Biotechnol	32690973	2020	NoLink
Nat_Biotechnol	28191901	2017	NoLink
Nat_Biotechnol	36302989	2022	NoLink
Nat_Biotechnol	32451505	2021	NoLink
Nat_Biotechnol	37872410	2023	NoLink
Nat_Biotechnol	21240266	2011	NoLink
Nat_Biotechnol	21623355	2011	NoLink
Nat_Biotechnol	37735266	2023	available https://portal.nersc.gov/genomad 308 
Nat_Biotechnol	27701404	2016	NoLink
Nat_Biotechnol	25513782	2014	NoLink
Nat_Biotechnol	35241837	2022	NoLink
Nat_Biotechnol	29227469	2017	NoLink
Nat_Biotechnol	28112759	2017	NoLink
Nat_Biotechnol	19767731	2009	abstractNotFound
Nat_Biotechnol	21997635	2011	NoLink
Nat_Biotechnol	26619011	2015	NoLink
Nat_Biotechnol	23666012	2013	NoLink
Nat_Biotechnol	33169036	2020	NoLink
Nat_Biotechnol	26655497	2015	NoLink
Nat_Biotechnol	28459452	2017	NoLink
Nat_Biotechnol	20601939	2010	NoLink
Nat_Biotechnol	29553575	2018	NoLink
Nat_Biotechnol	21102456	2010	NoLink
Nat_Biotechnol	36797492	2023	NoLink
Nat_Biotechnol	38168993	2024	NoLink
Nat_Biotechnol	24752078	2014	NoLink
Nat_Biotechnol	15583678	2004	abstractNotFound
Nat_Biotechnol	30605144	2019	abstractNotFound
Nat_Biotechnol	32782414	2020	NoLink
Nat_Biotechnol	26829319	2015	abstractNotFound
Nat_Biotechnol	31932725	2019	NoLink
Nat_Biotechnol	36138169	2022	NoLink
Nat_Biotechnol	35773341	2022	NoLink
Nat_Biotechnol	36593399	2023	NoLink
Nat_Biotechnol	34475560	2021	NoLink
Nat_Biotechnol	29786095	2018	NoLink
Nat_Biotechnol	29889213	2019	abstractNotFound
Nat_Biotechnol	19801975	2009	NoLink
Nat_Biotechnol	33558697	2021	NoLink
Nat_Biotechnol	36646933	2023	NoLink
Nat_Biotechnol	36959352	2023	NoLink
Nat_Biotechnol	34845372	2021	NoLink
Nat_Biotechnol	29985477	2018	NoLink
Nat_Biotechnol	37012447	2023	NoLink
Nat_Biotechnol	21654655	2011	abstractNotFound
Nat_Biotechnol	37349522	2023	NoLink
Nat_Biotechnol	20512121	2010	NoLink
Nat_Biotechnol	22781695	2013	NoLink
Nat_Biotechnol	32094658	2020	NoLink
Nat_Biotechnol	22081019	2011	NoLink
Nat_Biotechnol	36635380	2023	NoLink
Nat_Biotechnol	36823356	2023	NoLink
Nat_Biotechnol	38418649	2024	abstractNotFound
Nat_Biotechnol	21804560	2011	NoLink
Nat_Biotechnol	19377462	2009	NoLink
Nat_Biotechnol	22750882	2012	NoLink
Nat_Biotechnol	32690972	2021	NoLink
Nat_Biotechnol	36357718	2022	NoLink
Nat_Biotechnol	27454740	2016	NoLink
Nat_Biotechnol	36941363	2023	NoLink
Nat_Biotechnol	26458176	2015	NoLink
Nat_Biotechnol	18066029	2007	NoLink
Nat_Biotechnol	33510484	2021	NoLink
Nat_Biotechnol	24142051	2014	NoLink
Nat_Biotechnol	32632300	2021	NoLink
Nat_Biotechnol	32300245	2022	NoLink
Nat_Biotechnol	20944583	2010	abstractNotFound
Nat_Biotechnol	29912209	2018	null www.immunexpresso.org -1 
Nat_Biotechnol	36702896	2023	NoLink
Nat_Biotechnol	38168992	2024	available https://github.com/gregbellan/Stabl 301 
Nat_Biotechnol	34921308	2022	NoLink
Nat_Biotechnol	32042170	2020	NoLink
Nat_Biotechnol	35715589	2022	NoLink
Nat_Biotechnol	36690762	2023	NoLink
Nat_Biotechnol	37749269	2023	NoLink
Nat_Biotechnol	34782740	2021	NoLink
Nat_Biotechnol	38191664	2024	NoLink
Nat_Biotechnol	26352647	2016	NoLink
Nat_Biotechnol	31919445	2019	NoLink
Nat_Biotechnol	35606422	2022	NoLink
Nat_Biotechnol	26501951	2016	abstractNotFound
Nat_Biotechnol	26641531	2016	NoLink
Nat_Biotechnol	31506645	2019	NoLink
Nat_Biotechnol	36424487	2022	NoLink
Nat_Biotechnol	24013198	2013	NoLink
Nat_Biotechnol	30742126	2018	NoLink
Nat_Biotechnol	30125270	2018	NoLink
Nat_Biotechnol	26006007	2015	NoLink
Nat_Biotechnol	37679542	2023	NoLink
Nat_Biotechnol	38302753	2024	NoLink
Nat_Biotechnol	32393821	2020	NoLink
Nat_Biotechnol	34594043	2021	software https://github.com/MarioniLab/miloR 301 
Nat_Biotechnol	28922347	2017	NoLink
Nat_Biotechnol	36138170	2022	NoLink
Nat_Biotechnol	11062437	2000	NoLink
Nat_Biotechnol	31570897	2019	NoLink
Nat_Biotechnol	26950749	2016	NoLink
Nat_Biotechnol	30718869	2019	NoLink
Nat_Biotechnol	37130959	2023	abstractNotFound
Nat_Biotechnol	34226710	2021	NoLink
Nat_Biotechnol	34782741	2021	NoLink
Nat_Biotechnol	20852634	2010	NoLink
Nat_Biotechnol	36805559	2023	NoLink
Nat_Biotechnol	23360965	2013	NoLink
Nat_Biotechnol	27159373	2016	NoLink
Nat_Biotechnol	36593395	2023	NoLink
Nat_Biotechnol	23604283	2013	NoLink
Nat_Biotechnol	28714965	2017	NoLink
Nat_Biotechnol	23934178	2013	NoLink
Nat_Biotechnol	36879008	2023	NoLink
Nat_Biotechnol	23064238	2012	NoLink
Nat_Biotechnol	22334048	2012	NoLink
Nat_Biotechnol	23584611	2013	NoLink
Nat_Biotechnol	20160716	2010	NoLink
Nat_Biotechnol	25503382	2014	NoLink
Nat_Biotechnol	35165384	2022	NoLink
Nat_Biotechnol	35637419	2022	NoLink
Nat_Biotechnol	32868914	2020	NoLink
Nat_Biotechnol	35788566	2022	NoLink
Nat_Biotechnol	32317764	2020	NoLink
Nat_Biotechnol	21602805	2011	NoLink
Nat_Biotechnol	20531338	2010	NoLink
Nat_Biotechnol	20118917	2010	NoLink
Nat_Biotechnol	25150837	2014	NoLink
Nat_Biotechnol	22158364	2011	NoLink
Nat_Biotechnol	31659338	2019	NoLink
Nat_Biotechnol	33824513	2021	NoLink
Nat_Biotechnol	22820318	2012	NoLink
Nat_Biotechnol	34980915	2022	NoLink
Nat_Biotechnol	29131147	2017	NoLink
Nat_Biotechnol	15543133	2004	NoLink
Nat_Biotechnol	25690852	2015	NoLink
Nat_Biotechnol	24633241	2014	abstractNotFound
Nat_Biotechnol	26900662	2015	NoLink
Nat_Biotechnol	NA	2005	abstractNotFound
Nat_Biotechnol	32024987	2020	NoLink
Nat_Biotechnol	26780180	2015	NoLink
Nat_Biotechnol	31792407	2019	NoLink
Nat_Biotechnol	22922673	2012	NoLink
Nat_Biotechnol	24633242	2014	NoLink
Nat_Biotechnol	21964413	2011	NoLink
Nat_Biotechnol	22446693	2012	NoLink
Nat_Biotechnol	20212469	2010	abstractNotFound
Nat_Biotechnol	34312501	2021	abstractNotFound
Nat_Biotechnol	34462589	2021	NoLink
Nat_Biotechnol	32943775	2020	abstractNotFound
Nat_Biotechnol	37414936	2023	NoLink
Nat_Biotechnol	35145312	2021	NoLink
Nat_Biotechnol	33859402	2021	NoLink
Nat_Biotechnol	20622839	2010	abstractNotFound
Nat_Biotechnol	35449415	2022	code https://scvi-tools.org 301 
Nat_Biotechnol	37156914	2023	NoLink
Nat_Biotechnol	18820686	2015	NoLink
Nat_Biotechnol	20829825	2010	NoLink
Nat_Biotechnol	20581846	2010	NoLink
Nat_Biotechnol	30059493	2018	NoLink
Nat_Biotechnol	35347328	2022	NoLink
Nat_Biotechnol	14595339	2003	abstractNotFound
Nat_Biotechnol	20944597	2010	NoLink
Nat_Biotechnol	21113165	2010	NoLink
Nat_Biotechnol	36076084	2022	NoLink
Nat_Biotechnol	31819258	2019	NoLink
Nat_Biotechnol	26571100	2015	NoLink
Nat_Biotechnol	32860021	2020	NoLink
Nat_Biotechnol	35978135	2022	abstractNotFound
Nat_Biotechnol	32719478	2021	NoLink
Nat_Biotechnol	34188223	2021	abstractNotFound
Nat_Biotechnol	22609971	2012	NoLink
Nat_Biotechnol	34887556	2021	NoLink
Nat_Biotechnol	35484405	2022	NoLink
Nat_Biotechnol	26551059	2016	NoLink
Nat_Biotechnol	32451506	2021	NoLink
Nat_Biotechnol	36593398	2023	NoLink
Nat_Biotechnol	37592035	2023	NoLink
Nat_Biotechnol	31501557	2019	NoLink
Nat_Biotechnol	27918546	2016	NoLink
Nat_Biotechnol	24727771	2014	abstractNotFound
Nat_Biotechnol	19412185	2009	NoLink
Nat_Biotechnol	36217029	2022	NoLink
Nat_Biotechnol	21832997	2011	NoLink
Nat_Biotechnol	34663920	2021	NoLink
Nat_Biotechnol	33273741	2021	NoLink
Nat_Biotechnol	20562863	2010	NoLink
Nat_Biotechnol	22318026	2011	abstractNotFound
Nat_Biotechnol	25086649	2014	NoLink
Nat_Biotechnol	36658342	2023	NoLink
Nat_Biotechnol	23604282	2013	NoLink
Nat_Biotechnol	36593410	2023	NoLink
Nat_Biotechnol	24097413	2013	NoLink
Nat_Biotechnol	25599178	2014	NoLink
Nat_Biotechnol	30247490	2018	NoLink
Nat_Biotechnol	37932420	2023	NoLink
Nat_Biotechnol	35347330	2022	abstractNotFound
Nat_Biotechnol	29985479	2018	NoLink
Nat_Biotechnol	18500334	2009	NoLink
Nat_Biotechnol	21572440	2011	NoLink
Nat_Biotechnol	38773306	2024	abstractNotFound
Nat_Biotechnol	36823357	2023	NoLink
Nat_Biotechnol	32042166	2019	NoLink
Nat_Biotechnol	18066032	2007	NoLink
Nat_Biotechnol	14647319	2003	abstractNotFound
Nat_Biotechnol	26900664	2016	NoLink
Nat_Biotechnol	16900136	2006	NoLink
Nat_Biotechnol	32541955	2021	NoLink
Nat_Biotechnol	25664528	2015	NoLink
Nat_Biotechnol	19151700	2008	NoLink
Nat_Biotechnol	31332325	2019	NoLink
Nat_Biotechnol	31061481	2019	NoLink
Nat_Biotechnol	35668323	2022	NoLink
Nat_Biotechnol	23292609	2012	NoLink
Nat_Biotechnol	37142704	2023	NoLink
Nat_Biotechnol	34239088	2021	NoLink
Nat_Biotechnol	32231336	2020	NoLink
Nat_Biotechnol	30451990	2018	NoLink
Nat_Biotechnol	36879006	2023	NoLink
Nat_Biotechnol	32601433	2021	NoLink
Nat_Biotechnol	30936563	2019	NoLink
Nat_Biotechnol	35332340	2022	NoLink
Nat_Biotechnol	23873086	2013	NoLink
Nat_Biotechnol	36914885	2023	NoLink
Nat_Biotechnol	24561555	2014	NoLink
Nat_Biotechnol	27598230	2016	NoLink
Nat_Biotechnol	36229610	2022	NoLink
Nat_Biotechnol	36823353	2023	NoLink
Nat_Biotechnol	27347754	2016	NoLink
Nat_Biotechnol	29251726	2017	NoLink
Nat_Biotechnol	19252484	2009	NoLink
Nat_Biotechnol	20697400	2010	abstractNotFound
Nat_Biotechnol	28263295	2017	NoLink
Nat_Biotechnol	37537501	2023	NoLink
Nat_Biotechnol	32764730	2020	abstractNotFound
Nat_Biotechnol	29431739	2018	NoLink
Nat_Biotechnol	35945438	2022	NoLink
Nat_Biotechnol	36593411	2023	NoLink
Nat_Biotechnol	34873326	2021	NoLink
Nat_Biotechnol	32042167	2020	NoLink
Nat_Biotechnol	38263515	2024	available https://github.com/labomics/midas 301 
Nat_Biotechnol	33208936	2020	abstractNotFound
Nat_Biotechnol	35440781	2022	abstractNotFound
Nat_Biotechnol	23086203	2013	NoLink
Nat_Biotechnol	29176614	2017	NoLink
Nat_Biotechnol	23242163	2012	NoLink
Nat_Biotechnol	32601434	2020	NoLink
Nat_Biotechnol	28504668	2017	NoLink
Nat_Biotechnol	29309060	2017	NoLink
Nat_Biotechnol	20495550	2010	NoLink
Nat_Biotechnol	20436464	2010	NoLink
Nat_Biotechnol	27669166	2016	NoLink
Nat_Biotechnol	33199875	2020	NoLink
Nat_Biotechnol	36604544	2023	NoLink
Nat_Biotechnol	24316644	2013	NoLink
Nat_Biotechnol	24658645	2014	NoLink
Nat_Biotechnol	30371680	2018	NoLink
Nat_Biotechnol	19430440	2009	abstractNotFound
Nat_Biotechnol	35501392	2022	NoLink
Nat_Biotechnol	29979671	2018	abstractNotFound
Nat_Biotechnol	32483364	2020	NoLink
Nat_Biotechnol	31570900	2019	NoLink
Nat_Biotechnol	20852635	2010	NoLink
Nat_Biotechnol	35864170	2022	NoLink
Nat_Biotechnol	29553574	2018	NoLink
Nat_Biotechnol	35468954	2022	NoLink
Nat_Biotechnol	30804533	2019	NoLink
Nat_Biotechnol	20010597	2009	NoLink
Nat_Biotechnol	35590073	2022	NoLink
Nat_Biotechnol	26524661	2015	NoLink
Nat_Biotechnol	26641532	2016	NoLink
Nat_Biotechnol	29334370	2017	NoLink
Nat_Biotechnol	22398616	2012	NoLink
Nat_Biotechnol	21738127	2011	NoLink
Nat_Biotechnol	23159879	2013	NoLink
Nat_Biotechnol	36593407	2023	NoLink
Nat_Biotechnol	22678395	2015	NoLink
Nat_Biotechnol	34608326	2021	NoLink
Nat_Biotechnol	28165476	2017	NoLink
Nat_Biotechnol	35864171	2022	NoLink
Nat_Biotechnol	34012094	2021	NoLink
Nat_Biotechnol	27918548	2016	abstractNotFound
Nat_Biotechnol	34795433	2021	NoLink
Nat_Biotechnol	38168991	2024	NoLink
Nat_Biotechnol	21113166	2012	NoLink
Nat_Biotechnol	26237515	2015	NoLink
Nat_Biotechnol	23934176	2013	NoLink
Nat_Biotechnol	35102292	2022	NoLink
Nat_Biotechnol	35879362	2022	NoLink
Nat_Biotechnol	21804562	2011	NoLink
Nat_Biotechnol	22068528	2011	abstractNotFound
Nat_Biotechnol	30102295	2018	NoLink
Nat_Biotechnol	31501561	2019	NoLink
Nat_Biotechnol	31332326	2019	abstractNotFound
Nat_Biotechnol	23222782	2012	abstractNotFound
Nat_Biotechnol	37142705	2023	NoLink
Nat_Biotechnol	36646934	2023	abstractNotFound
Nat_Biotechnol	35945444	2022	abstractNotFound
Nat_Biotechnol	24291815	2013	NoLink
Nat_Biotechnol	22484455	2012	NoLink
Nat_Biotechnol	36593412	2023	NoLink
Nat_Biotechnol	30346938	2018	NoLink
