Genome_Med	35869530	2022	NoLink
Genome_Med	38185688	2024	NoLink
Genome_Med	38816834	2024	NoLink
Genome_Med	21801463	2011	NoLink
Genome_Med	25984239	2015	NoLink
Genome_Med	38982518	2024	NoLink
Genome_Med	27655340	2016	NoLink
Genome_Med	39380090	2024	NoLink
Genome_Med	30355343	2018	available http://data.teichlab.org 404 
Genome_Med	27655387	2016	NoLink
Genome_Med	26246857	2015	NoLink
Genome_Med	25628760	2015	NoLink
Genome_Med	38087376	2023	NoLink
Genome_Med	26330083	2015	NoLink
Genome_Med	39587617	2024	NoLink
Genome_Med	27716432	2016	NoLink
Genome_Med	33225976	2020	NoLink
Genome_Med	19725943	2009	NoLink
Genome_Med	31126321	2019	available http://icbi.at/quantiseq 301 
Genome_Med	31752965	2019	NoLink
Genome_Med	37165447	2023	NoLink
Genome_Med	35379322	2022	NoLink
Genome_Med	19341501	2009	NoLink
Genome_Med	25422674	2014	code http://katholt.github.io/srst2/ 200 
Genome_Med	22742055	2012	NoLink
Genome_Med	25649125	2015	NoLink
Genome_Med	22494857	2012	NoLink
Genome_Med	27784327	2016	NoLink
Genome_Med	34711267	2021	NoLink
Genome_Med	34006291	2021	null NCT02342158 -1 
Genome_Med	30593284	2018	NoLink
Genome_Med	23445765	2013	NoLink
Genome_Med	26307031	2015	NoLink
Genome_Med	32183904	2020	NoLink
Genome_Med	19341504	2009	NoLink
Genome_Med	21092145	2010	NoLink
Genome_Med	23114014	2012	NoLink
Genome_Med	24134804	2013	NoLink
Genome_Med	35922859	2022	abstractNotFound
Genome_Med	34470666	2021	NoLink
Genome_Med	26269717	2015	download https://github.com/ENVE-Tools/ENVE 301 
Genome_Med	24944586	2014	NoLink
Genome_Med	21542874	2011	NoLink
Genome_Med	29187259	2017	NoLink
Genome_Med	35906678	2022	NoLink
Genome_Med	35799269	2022	application http://lilab2.sysu.edu.cn/tex 301 null http://liwzlab.cn/tex 404 
Genome_Med	37904175	2023	NoLink
Genome_Med	27368373	2016	NoLink
Genome_Med	36855161	2023	NoLink
Genome_Med	33225985	2020	NoLink
Genome_Med	38419010	2024	NoLink
Genome_Med	23809668	2013	NoLink
Genome_Med	20181060	2010	NoLink
Genome_Med	23618465	2013	NoLink
Genome_Med	28356157	2017	NoLink
Genome_Med	33472701	2021	NoLink
Genome_Med	31014384	2019	NoLink
Genome_Med	25328540	2014	available https://ngsl.esat.kuleuven.be -1 
Genome_Med	26315209	2015	NoLink
Genome_Med	36703164	2023	NoLink
Genome_Med	23998189	2013	abstractNotFound
Genome_Med	27245685	2016	NoLink
Genome_Med	28356137	2017	NoLink
Genome_Med	32471470	2020	NoLink
Genome_Med	19566915	2009	NoLink
Genome_Med	39160568	2024	NoLink
Genome_Med	38093338	2023	abstractNotFound
Genome_Med	19930624	2009	NoLink
Genome_Med	33658065	2021	NoLink
Genome_Med	38671457	2024	NoLink
Genome_Med	20416117	2010	NoLink
Genome_Med	23253160	2012	NoLink
Genome_Med	29880027	2018	available https://www.ciscall.org 301 
Genome_Med	23414815	2013	NoLink
Genome_Med	34162429	2021	NoLink
Genome_Med	21639954	2011	null http://www.biomedcentral.com/1741-7015/9/65 301 
Genome_Med	27799067	2016	NoLink
Genome_Med	26987311	2016	NoLink
Genome_Med	28431544	2017	NoLink
Genome_Med	33845891	2021	NoLink
Genome_Med	22546499	2012	NoLink
Genome_Med	31358048	2019	abstractNotFound
Genome_Med	26217397	2015	pipeline http://cpipeline.org -1 
Genome_Med	26497493	2015	NoLink
Genome_Med	33971952	2021	NoLink
Genome_Med	38566104	2024	NoLink
Genome_Med	19891793	2009	NoLink
Genome_Med	34517888	2021	NoLink
Genome_Med	30497521	2018	NoLink
Genome_Med	27562343	2016	NoLink
Genome_Med	25473429	2014	NoLink
Genome_Med	38658971	2024	NoLink
Genome_Med	34461978	2021	code https://gentb.hms.harvard.edu 301 code https://github.com/farhat-lab/gentb-site 301 
Genome_Med	34915921	2021	null https://github.com/CSB5/CaDRReS-Sc 301 
Genome_Med	36869385	2023	NoLink
Genome_Med	36401300	2022	NoLink
Genome_Med	39633487	2024	null https://github.com/ArianeMora/SiRCle_multiomics_integration 301 
Genome_Med	25587357	2014	NoLink
Genome_Med	33750426	2021	NoLink
Genome_Med	36915208	2023	null http://www.wang-lab-hkust.com:3838/TMZEP -1 
Genome_Med	27146673	2016	NoLink
Genome_Med	21745416	2011	abstractNotFound
Genome_Med	34034815	2021	NoLink
Genome_Med	25031618	2014	NoLink
Genome_Med	21955348	2011	NoLink
Genome_Med	30266093	2018	NoLink
Genome_Med	38849905	2024	NoLink
Genome_Med	23806097	2013	NoLink
Genome_Med	33853662	2021	NoLink
Genome_Med	22762308	2012	NoLink
Genome_Med	24112773	2013	NoLink
Genome_Med	21884576	2011	NoLink
Genome_Med	37138315	2023	NoLink
Genome_Med	34911571	2021	available https://gitlab.com/bu_cnio/beyondcell 301 
Genome_Med	27964746	2016	available https://github.com/charite/asdpex 301 
Genome_Med	36207733	2022	NoLink
Genome_Med	33845882	2021	NoLink
Genome_Med	27782862	2016	NoLink
Genome_Med	33648559	2021	NoLink
Genome_Med	36879282	2023	available https://github.com/ncbi/GeneSigNet. 301 
Genome_Med	23181697	2012	null http://genomemedicine.com/content/4/11/89 404 
Genome_Med	25342980	2014	NoLink
Genome_Med	31358023	2019	abstractNotFound
Genome_Med	31640753	2019	NoLink
Genome_Med	23594586	2013	NoLink
Genome_Med	37658461	2023	NoLink
Genome_Med	32731881	2020	NoLink
Genome_Med	19439060	2009	NoLink
Genome_Med	38956711	2024	NoLink
Genome_Med	36539881	2022	NoLink
Genome_Med	33239102	2020	NoLink
Genome_Med	23181723	2012	NoLink
Genome_Med	32450911	2020	NoLink
Genome_Med	29386063	2018	NoLink
Genome_Med	36229842	2022	here http://www.jianglab.cn/CTpathway/ 200 here https://github.com/Bioccjw/CTpathway 301 
Genome_Med	24050173	2013	NoLink
Genome_Med	30704512	2019	NoLink
Genome_Med	23806018	2013	NoLink
Genome_Med	29950172	2018	NoLink
Genome_Med	34753499	2021	NoLink
Genome_Med	27716338	2016	null http://www.intogen.org/oncopad. 301 
Genome_Med	31796060	2019	available http://bionlp.bcgsc.ca/civicmine/ -1 
Genome_Med	23635424	2013	NoLink
Genome_Med	30925887	2019	NoLink
Genome_Med	34340684	2021	NoLink
Genome_Med	21867573	2011	NoLink
Genome_Med	25593598	2014	NoLink
Genome_Med	24286480	2013	null http://genomemedicine.com/content/5/11/103 404 
Genome_Med	33517887	2021	NoLink
Genome_Med	39506859	2024	null www.ebi.ac.uk/gene2phenotype -1 
Genome_Med	24944580	2014	NoLink
Genome_Med	29273096	2017	NoLink
Genome_Med	32669118	2020	NoLink
Genome_Med	27255379	2016	NoLink
Genome_Med	39516835	2024	NoLink
Genome_Med	20398331	2010	null http://www.lrg-sequence.org 200 
Genome_Med	23876409	2013	abstractNotFound
Genome_Med	19439029	2009	NoLink
Genome_Med	36180924	2022	NoLink
Genome_Med	20959026	2010	NoLink
Genome_Med	27488676	2016	abstractNotFound
Genome_Med	28327206	2017	NoLink
Genome_Med	34372915	2021	NoLink
Genome_Med	30577867	2018	NoLink
Genome_Med	29202807	2017	available http://garmiregroup.org/granatum/app 301 
Genome_Med	33509272	2021	NoLink
Genome_Med	37872640	2023	NoLink
Genome_Med	23672984	2013	NoLink
Genome_Med	25419237	2014	NoLink
Genome_Med	21635702	2011	NoLink
Genome_Med	27124954	2016	NoLink
Genome_Med	19566917	2009	NoLink
Genome_Med	23234572	2012	NoLink
Genome_Med	24433494	2014	NoLink
Genome_Med	26555212	2015	NoLink
Genome_Med	23270647	2012	NoLink
Genome_Med	38373998	2024	NoLink
Genome_Med	33663581	2021	NoLink
Genome_Med	22546321	2012	NoLink
Genome_Med	39472908	2024	NoLink
Genome_Med	23899327	2013	NoLink
Genome_Med	32988399	2020	NoLink
Genome_Med	34034801	2021	NoLink
Genome_Med	19341490	2009	NoLink
Genome_Med	38268001	2024	NoLink
Genome_Med	28934986	2017	NoLink
Genome_Med	19341499	2009	NoLink
Genome_Med	37488638	2023	NoLink
Genome_Med	37344829	2023	NoLink
Genome_Med	33563322	2021	NoLink
Genome_Med	25484923	2014	NoLink
Genome_Med	39468667	2024	NoLink
Genome_Med	33926541	2021	download https://github.com/pcahan1/cancerCellNet 301 application http://www.cahanlab.org/resources/cancerCellNet_web 301 
Genome_Med	30376889	2018	NoLink
Genome_Med	26684754	2015	NoLink
Genome_Med	38664839	2024	package https://CRAN.R-project.org/package=lit 303 
Genome_Med	35039090	2022	available https://curation.clinicalgenome.org 301 
Genome_Med	25352916	2014	NoLink
Genome_Med	26823082	2016	NoLink
Genome_Med	33761980	2021	available https://github.com/LUMC/CACTUS 301 
Genome_Med	27799064	2016	NoLink
Genome_Med	25873999	2015	NoLink
Genome_Med	NA	2015	NoLink
Genome_Med	28687074	2017	NoLink
Genome_Med	29268762	2017	NoLink
Genome_Med	31847883	2019	NoLink
Genome_Med	27821178	2016	abstractNotFound
Genome_Med	34074327	2021	NoLink
Genome_Med	31349857	2019	NoLink
Genome_Med	29848362	2018	tool http://www.pandrugs.org 301 
Genome_Med	19341495	2009	NoLink
Genome_Med	31870430	2019	NoLink
Genome_Med	32430031	2020	NoLink
Genome_Med	26307204	2015	NoLink
Genome_Med	33109272	2020	NoLink
Genome_Med	39402625	2024	NoLink
Genome_Med	28420412	2017	NoLink
Genome_Med	35379360	2022	NoLink
Genome_Med	25473426	2014	NoLink
Genome_Med	22741526	2012	NoLink
Genome_Med	24134860	2013	NoLink
Genome_Med	38566223	2024	NoLink
Genome_Med	34758847	2021	NoLink
Genome_Med	32605661	2020	NoLink
Genome_Med	38053165	2023	NoLink
Genome_Med	34711268	2021	NoLink
Genome_Med	19930617	2009	NoLink
Genome_Med	19939292	2009	NoLink
Genome_Med	27338147	2016	NoLink
Genome_Med	28807008	2017	NoLink
Genome_Med	23194430	2012	abstractNotFound
Genome_Med	31771646	2019	NoLink
Genome_Med	23718862	2013	NoLink
Genome_Med	24267880	2013	NoLink
Genome_Med	26988859	2016	NoLink
Genome_Med	38659008	2024	available https://insaflu.insa.pt/ -1 code https://github.com/INSaFLU 301 
Genome_Med	28629429	2017	NoLink
Genome_Med	31462330	2019	NoLink
Genome_Med	35999578	2022	NoLink
Genome_Med	34154662	2021	NoLink
Genome_Med	25520756	2014	NoLink
Genome_Med	35292083	2022	NoLink
Genome_Med	31619281	2019	NoLink
Genome_Med	21418554	2011	NoLink
Genome_Med	30053901	2018	NoLink
Genome_Med	19341487	2009	NoLink
Genome_Med	32306996	2020	NoLink
Genome_Med	28549478	2017	download http://www.cs.tau.ac.il/~roded/GLADIATOR.zip 301 
Genome_Med	35701800	2022	null 2009-009014-40 -1 null NCT01898312 -1 null 2015-001587-19 -1 
Genome_Med	38347596	2024	NoLink
Genome_Med	36578016	2022	NoLink
Genome_Med	34470669	2021	NoLink
Genome_Med	38444015	2024	NoLink
Genome_Med	24342550	2013	abstractNotFound
Genome_Med	31653223	2019	available https://github.com/jchow32/magi-s 301 
Genome_Med	21345244	2011	NoLink
Genome_Med	19341491	2009	NoLink
Genome_Med	34001237	2021	NoLink
Genome_Med	26089985	2015	NoLink
Genome_Med	26884067	2016	NoLink
Genome_Med	28818087	2017	NoLink
Genome_Med	19348700	2009	NoLink
Genome_Med	22103962	2011	NoLink
Genome_Med	33239092	2020	NoLink
Genome_Med	25165489	2014	NoLink
Genome_Med	21635711	2011	NoLink
Genome_Med	30501643	2018	NoLink
Genome_Med	34446072	2021	available www.mbiomenet.org/HRGM/ -1 
Genome_Med	35042540	2022	NoLink
Genome_Med	38849863	2024	NoLink
Genome_Med	34376232	2021	NoLink
Genome_Med	27846896	2016	NoLink
Genome_Med	20487506	2010	NoLink
Genome_Med	33472670	2021	NoLink
Genome_Med	36932388	2023	NoLink
Genome_Med	36042521	2022	NoLink
Genome_Med	35180881	2022	NoLink
Genome_Med	19863775	2009	NoLink
Genome_Med	22640407	2012	NoLink
Genome_Med	29792227	2018	NoLink
Genome_Med	32912286	2020	NoLink
Genome_Med	32988391	2020	NoLink
Genome_Med	26988706	2016	NoLink
Genome_Med	34407882	2021	null www.unimd.org/XCNV -1 
Genome_Med	32075696	2020	NoLink
Genome_Med	23522065	2013	NoLink
Genome_Med	30808425	2019	NoLink
Genome_Med	37730635	2023	NoLink
Genome_Med	35105355	2022	null https://github.com/tsteelejohnson91/DEGAS 301 
Genome_Med	26395002	2015	NoLink
Genome_Med	39375806	2024	NoLink
Genome_Med	33168072	2020	NoLink
Genome_Med	23731654	2013	null http://genomemedicine.com/content/5/5/50 404 
Genome_Med	38195504	2024	NoLink
Genome_Med	27312086	2016	NoLink
Genome_Med	36694225	2023	NoLink
Genome_Med	38087308	2023	NoLink
Genome_Med	23673148	2013	NoLink
Genome_Med	25031613	2014	abstractNotFound
Genome_Med	21092148	2010	NoLink
Genome_Med	21970596	2011	NoLink
Genome_Med	36443816	2022	NoLink
Genome_Med	23899246	2013	abstractNotFound
Genome_Med	26449484	2015	NoLink
Genome_Med	22546357	2012	NoLink
Genome_Med	27543003	2016	abstractNotFound
Genome_Med	26813686	2016	NoLink
Genome_Med	NA	2016	NoLink
Genome_Med	25031622	2014	NoLink
Genome_Med	24380442	2013	NoLink
Genome_Med	31937368	2020	NoLink
Genome_Med	35184750	2022	NoLink
Genome_Med	21122163	2010	NoLink
Genome_Med	37060015	2023	NoLink
Genome_Med	31948471	2020	NoLink
Genome_Med	38509600	2024	package https://github.com/SDTC-CPMed/scDrugPrio 301 
Genome_Med	35706047	2022	NoLink
Genome_Med	22621759	2012	NoLink
Genome_Med	38711148	2024	NoLink
Genome_Med	19348694	2009	NoLink
Genome_Med	19348699	2009	NoLink
Genome_Med	33853652	2021	NoLink
Genome_Med	34311780	2021	NoLink
Genome_Med	38178268	2024	available https://ccanavati.shinyapps.io/EvORanker/ 301 
Genome_Med	25031617	2014	NoLink
Genome_Med	25825594	2015	NoLink
Genome_Med	38802955	2024	NoLink
Genome_Med	32331533	2020	NoLink
Genome_Med	34461981	2021	abstractNotFound
Genome_Med	21658299	2011	NoLink
Genome_Med	26292806	2015	NoLink
Genome_Med	26019723	2015	NoLink
Genome_Med	27036316	2016	NoLink
Genome_Med	31892343	2019	NoLink
Genome_Med	35953856	2022	NoLink
Genome_Med	33722288	2021	NoLink
Genome_Med	26497652	2015	NoLink
Genome_Med	28270201	2017	NoLink
Genome_Med	34798904	2021	available https://github.com/canceromics/circm6a 301 
Genome_Med	19341494	2009	NoLink
Genome_Med	22720727	2012	NoLink
Genome_Med	23902830	2013	NoLink
Genome_Med	19735586	2009	NoLink
Genome_Med	23369291	2013	abstractNotFound
Genome_Med	24164800	2013	NoLink
Genome_Med	29329552	2018	abstractNotFound
Genome_Med	29183400	2017	NoLink
Genome_Med	26124857	2015	NoLink
Genome_Med	38637822	2024	NoLink
Genome_Med	29254502	2017	null https://doi.org/10.1186/s13059-017-1353-5 301 
Genome_Med	38167466	2024	NoLink
Genome_Med	26019726	2015	NoLink
Genome_Med	29149916	2017	NoLink
Genome_Med	27503374	2016	NoLink
Genome_Med	23114035	2012	abstractNotFound
Genome_Med	26191084	2015	available http://www.ccb.uni-saarland.de/BALL-SNP 302 
Genome_Med	20923580	2010	NoLink
Genome_Med	31039809	2019	NoLink
Genome_Med	23445784	2013	NoLink
Genome_Med	31221204	2019	NoLink
Genome_Med	23673079	2013	abstractNotFound
Genome_Med	26589402	2015	NoLink
Genome_Med	25699093	2015	available http://bioinfo.mc.vanderbilt.edu/VirusFinder/ -1 
Genome_Med	23673020	2013	NoLink
Genome_Med	33827686	2021	NoLink
Genome_Med	21429189	2011	NoLink
Genome_Med	38347552	2024	NoLink
Genome_Med	22293089	2012	NoLink
Genome_Med	39529172	2024	NoLink
Genome_Med	35144655	2022	NoLink
Genome_Med	28166811	2017	NoLink
Genome_Med	29262854	2017	null https://github.com/hoangtn/extTADA 301 
Genome_Med	28738853	2017	NoLink
Genome_Med	35581624	2022	NoLink
Genome_Med	34736529	2021	NoLink
Genome_Med	33549134	2021	NoLink
Genome_Med	31138277	2019	NoLink
Genome_Med	33722295	2021	NoLink
Genome_Med	24944581	2014	NoLink
Genome_Med	26507825	2015	NoLink
Genome_Med	22364193	2012	NoLink
Genome_Med	31888734	2019	NoLink
Genome_Med	38317189	2024	NoLink
Genome_Med	25473425	2014	NoLink
Genome_Med	24576404	2014	NoLink
Genome_Med	34649620	2021	NoLink
Genome_Med	25031620	2014	NoLink
Genome_Med	25246945	2014	available http://cran.r-project.org/package=dnet 303 
Genome_Med	24286512	2013	NoLink
Genome_Med	38111038	2023	NoLink
Genome_Med	31443733	2019	available https://github.com/HGLab/VIC/ 301 
Genome_Med	32345368	2020	NoLink
Genome_Med	29310717	2018	NoLink
Genome_Med	37803452	2023	NoLink
Genome_Med	33952319	2021	abstractNotFound
Genome_Med	24267946	2013	NoLink
Genome_Med	23146350	2012	NoLink
Genome_Med	19439059	2009	NoLink
Genome_Med	21722348	2011	null http://genomemedicine.com/content/3/6/39 404 
Genome_Med	20925967	2010	NoLink
Genome_Med	21457499	2011	NoLink
Genome_Med	34158098	2021	abstractNotFound
Genome_Med	20670388	2010	NoLink
Genome_Med	35264213	2022	null NCT03020186 -1 
Genome_Med	29558968	2018	available https://github.com/BosingerLab/BALDR 301 
Genome_Med	28212680	2017	NoLink
Genome_Med	20236487	2010	NoLink
Genome_Med	19341498	2009	NoLink
Genome_Med	20034393	2009	NoLink
Genome_Med	30470248	2018	NoLink
Genome_Med	33691767	2021	NoLink
Genome_Med	32807235	2020	NoLink
Genome_Med	28081714	2017	null http://calculator.clinicalgenome.org 301 
Genome_Med	26419521	2015	NoLink
Genome_Med	27286979	2016	NoLink
Genome_Med	29848370	2018	NoLink
Genome_Med	28633659	2017	NoLink
Genome_Med	27306058	2016	null NCT00810823 -1 null NCT01579981 -1 null NCT01993511 -1 
Genome_Med	30257712	2018	abstractNotFound
Genome_Med	22453031	2012	null ISRCTN25417821 -1 
Genome_Med	20374639	2010	NoLink
Genome_Med	30497530	2018	null NCT00773695 -1 
Genome_Med	31138328	2019	available https://github.com/Sun-lab/SMASH 301 
Genome_Med	28173873	2017	NoLink
Genome_Med	35220969	2022	NoLink
Genome_Med	38317199	2024	NoLink
Genome_Med	23806086	2013	NoLink
Genome_Med	26221189	2015	NoLink
Genome_Med	32988398	2020	NoLink
Genome_Med	23673134	2013	abstractNotFound
Genome_Med	30424799	2018	NoLink
Genome_Med	33952335	2021	NoLink
Genome_Med	23369278	2013	NoLink
Genome_Med	21457514	2011	NoLink
Genome_Med	26221187	2015	NoLink
Genome_Med	23889971	2013	null http://genomemedicine.com/content/5/7/68 404 
Genome_Med	38566201	2024	NoLink
Genome_Med	19566914	2009	NoLink
Genome_Med	25593596	2014	NoLink
Genome_Med	24112618	2013	NoLink
Genome_Med	19519957	2009	NoLink
Genome_Med	25473431	2014	NoLink
Genome_Med	20670383	2010	NoLink
Genome_Med	27846907	2016	NoLink
Genome_Med	36123598	2022	NoLink
Genome_Med	35989319	2022	NoLink
Genome_Med	35078526	2022	NoLink
Genome_Med	24286536	2013	NoLink
Genome_Med	27503473	2016	NoLink
Genome_Med	28539110	2017	NoLink
Genome_Med	32831124	2020	null https://github.com/molgenis/capice 301 
Genome_Med	35739588	2022	NoLink
Genome_Med	29183332	2017	NoLink
Genome_Med	32859249	2020	NoLink
Genome_Med	24070255	2013	NoLink
Genome_Med	26669438	2015	NoLink
Genome_Med	28454591	2017	NoLink
Genome_Med	39148102	2024	NoLink
Genome_Med	25593592	2014	NoLink
Genome_Med	31779674	2019	null www.civicdb.org -1 
Genome_Med	35843982	2022	NoLink
Genome_Med	31234910	2019	NoLink
Genome_Med	24479652	2014	NoLink
Genome_Med	39138508	2024	NoLink
Genome_Med	38862979	2024	NoLink
Genome_Med	38098057	2023	NoLink
Genome_Med	36059000	2022	null NCT00268476 -1 null 2004-000193-31 -1 
Genome_Med	28569207	2017	NoLink
Genome_Med	34225788	2021	download https://multimorbidity.comp-sysbio.org -1 
Genome_Med	22204589	2011	NoLink
Genome_Med	28126021	2017	NoLink
Genome_Med	37158973	2023	NoLink
Genome_Med	27102666	2016	NoLink
Genome_Med	27887656	2016	NoLink
Genome_Med	25473430	2014	NoLink
Genome_Med	19804607	2009	NoLink
Genome_Med	39633433	2024	NoLink
Genome_Med	19435489	2009	NoLink
Genome_Med	25593595	2014	NoLink
Genome_Med	25031625	2014	NoLink
Genome_Med	21410995	2011	null http://www.plosmedicine.org 301 
Genome_Med	26113877	2015	NoLink
Genome_Med	20193048	2010	NoLink
Genome_Med	33121525	2020	NoLink
Genome_Med	39334436	2024	NoLink
Genome_Med	19341505	2009	NoLink
Genome_Med	32907621	2020	NoLink
Genome_Med	19732436	2009	NoLink
Genome_Med	21470392	2011	NoLink
Genome_Med	36476325	2022	NoLink
Genome_Med	35948990	2022	null https://github.com/illumina/REViewer 301 null https://github.com/broadinstitute/flipbook 301 
Genome_Med	32111241	2020	NoLink
Genome_Med	27776531	2016	NoLink
Genome_Med	25360158	2014	NoLink
Genome_Med	26273324	2015	NoLink
Genome_Med	26759031	2016	NoLink
Genome_Med	24468134	2014	NoLink
Genome_Med	28738906	2017	null www.dx.doi.org/10.1186/s13059-017-1252-9 -1 null www.dx.doi.org/10.1186/s13073-017-0457-6 -1 
Genome_Med	26343148	2015	abstractNotFound
Genome_Med	22364233	2012	null http://www.biomedcentral.com/1741-7015/10/21/abstract 301 
Genome_Med	37322495	2023	available https://github.com/insapathogenomics/ReporTree 301 
Genome_Med	35765100	2022	NoLink
Genome_Med	26803900	2016	NoLink
Genome_Med	34749799	2021	NoLink
Genome_Med	38281962	2024	NoLink
Genome_Med	38539231	2024	NoLink
Genome_Med	33517897	2021	null https://github.com/ciccalab/sysSVM2 301 
Genome_Med	26961683	2016	NoLink
Genome_Med	26170900	2015	NoLink
Genome_Med	22035904	2011	NoLink
Genome_Med	32580776	2020	NoLink
Genome_Med	26620704	2015	NoLink
Genome_Med	33546753	2021	NoLink
Genome_Med	39529134	2024	NoLink
Genome_Med	28877757	2017	NoLink
Genome_Med	35689243	2022	NoLink
Genome_Med	35260199	2022	NoLink
Genome_Med	21205279	2010	NoLink
Genome_Med	19348702	2009	NoLink
Genome_Med	38589970	2024	NoLink
Genome_Med	37993966	2023	NoLink
Genome_Med	23339462	2013	NoLink
Genome_Med	30819258	2019	NoLink
Genome_Med	33563320	2021	NoLink
Genome_Med	25360157	2014	NoLink
Genome_Med	33771202	2021	NoLink
Genome_Med	39160595	2024	NoLink
Genome_Med	34503567	2021	NoLink
Genome_Med	19439028	2009	NoLink
Genome_Med	34470661	2021	NoLink
Genome_Med	26589293	2015	available http://celllines.tron-mainz.de 301 
Genome_Med	37127706	2023	NoLink
Genome_Med	22126538	2011	NoLink
Genome_Med	26403534	2015	NoLink
Genome_Med	27229935	2016	abstractNotFound
Genome_Med	35484572	2022	available https://github.com/TheJacksonLaboratory/SvAnn 301 null a -1 
Genome_Med	34986867	2022	null NCT#03163992 -1 
Genome_Med	26876963	2016	NoLink
Genome_Med	35012638	2022	NoLink
Genome_Med	27460926	2016	code https://github.com/ElementoLab/scTCRseq 301 
Genome_Med	26582413	2015	NoLink
Genome_Med	35794667	2022	NoLink
Genome_Med	25031615	2014	abstractNotFound
Genome_Med	22283977	2012	NoLink
Genome_Med	19638184	2009	NoLink
Genome_Med	22257447	2012	NoLink
Genome_Med	19678910	2009	NoLink
Genome_Med	28592326	2017	NoLink
Genome_Med	26321605	2015	abstractNotFound
Genome_Med	34154646	2021	NoLink
Genome_Med	31665078	2019	NoLink
Genome_Med	39123268	2024	NoLink
Genome_Med	33874999	2021	NoLink
Genome_Med	33883027	2021	NoLink
Genome_Med	26015808	2015	NoLink
Genome_Med	30767786	2019	abstractNotFound
Genome_Med	31014393	2019	NoLink
Genome_Med	25690659	2014	available https://cgsb.genomics.iit.it/wiki/projects/DOTS-Finder/ 302 
Genome_Med	27716401	2016	NoLink
Genome_Med	27121964	2016	NoLink
Genome_Med	35354486	2022	NoLink
Genome_Med	26825779	2016	abstractNotFound
Genome_Med	31358043	2019	NoLink
Genome_Med	23806045	2013	null http://genomemedicine.com/content/5/6/58 404 
Genome_Med	32114984	2020	NoLink
Genome_Med	25918555	2015	available http://bioinformatics.mdanderson.org/main/clinsek 302 
Genome_Med	37438797	2023	NoLink
Genome_Med	38355605	2024	NoLink
Genome_Med	32576278	2020	NoLink
Genome_Med	20236477	2010	NoLink
Genome_Med	27605022	2016	NoLink
Genome_Med	25302077	2014	NoLink
Genome_Med	29486792	2018	NoLink
Genome_Med	20193046	2010	NoLink
Genome_Med	29301565	2018	NoLink
Genome_Med	29950180	2018	NoLink
Genome_Med	30068376	2018	NoLink
Genome_Med	31915075	2020	NoLink
Genome_Med	22943469	2012	null http://genomemedicine.com/content/4/8/62/abstract 404 
Genome_Med	34074326	2021	NoLink
Genome_Med	36482487	2022	NoLink
Genome_Med	33218363	2020	NoLink
Genome_Med	25473435	2014	NoLink
Genome_Med	30376867	2018	NoLink
Genome_Med	28219444	2017	NoLink
Genome_Med	22548828	2012	NoLink
Genome_Med	23114084	2012	NoLink
Genome_Med	20090895	2009	NoLink
Genome_Med	38297378	2024	NoLink
Genome_Med	27506385	2016	null http://www.cnsgenomics/shiny/SMRdb/ -1 
Genome_Med	34225776	2021	NoLink
Genome_Med	29598827	2018	NoLink
Genome_Med	24360023	2013	abstractNotFound
Genome_Med	31446897	2019	null https://hanlab.uth.edu/cRic -1 
Genome_Med	33771213	2021	NoLink
Genome_Med	27324065	2016	NoLink
Genome_Med	25593594	2014	NoLink
Genome_Med	19341500	2009	NoLink
Genome_Med	34749812	2021	NoLink
Genome_Med	37845689	2023	NoLink
Genome_Med	34488871	2021	NoLink
Genome_Med	21955394	2011	NoLink
Genome_Med	24073752	2013	NoLink
Genome_Med	23673197	2013	null http://genomemedicine.com/content/5/4/30 404 
Genome_Med	20828427	2010	NoLink
Genome_Med	28954626	2017	null https://github.com/ExpressionAnalysis/HLAProfiler 301 available https://expressionanalysis.github.io/HLAProfiler/ 301 
Genome_Med	31892363	2019	NoLink
Genome_Med	27964755	2016	available http://galahad.well.ox.ac.uk/XGR 301 
Genome_Med	25228925	2014	NoLink
Genome_Med	32580754	2020	NoLink
Genome_Med	22410340	2012	abstractNotFound
Genome_Med	33618777	2021	tool cadd.gs.washington.edu -1 
Genome_Med	34446064	2021	NoLink
Genome_Med	32349784	2020	NoLink
Genome_Med	23445684	2013	abstractNotFound
Genome_Med	28253899	2017	abstractNotFound
Genome_Med	22546835	2012	NoLink
Genome_Med	34271981	2021	NoLink
Genome_Med	20707934	2010	NoLink
Genome_Med	29202803	2017	NoLink
Genome_Med	34261524	2021	NoLink
Genome_Med	24484537	2014	NoLink
Genome_Med	33632293	2021	NoLink
Genome_Med	19891794	2009	NoLink
Genome_Med	23998893	2013	NoLink
Genome_Med	19341502	2009	NoLink
Genome_Med	36585742	2022	NoLink
Genome_Med	34127050	2021	NoLink
Genome_Med	28003022	2016	NoLink
Genome_Med	28754123	2017	NoLink
Genome_Med	25648588	2014	NoLink
Genome_Med	30446001	2018	NoLink
Genome_Med	37563727	2023	NoLink
Genome_Med	19725930	2009	NoLink
Genome_Med	36171613	2022	NoLink
Genome_Med	32646514	2020	NoLink
Genome_Med	39548510	2024	null ChiCTR2100046544 -1 
Genome_Med	26150894	2015	NoLink
Genome_Med	25031623	2014	NoLink
Genome_Med	34454586	2021	NoLink
Genome_Med	29268796	2017	NoLink
Genome_Med	30071882	2018	null https://oglandscapes.irbbarcelona.org 302 
Genome_Med	21951399	2011	NoLink
Genome_Med	39449064	2024	NoLink
Genome_Med	36443794	2022	NoLink
Genome_Med	22030259	2011	abstractNotFound
Genome_Med	25392717	2014	NoLink
Genome_Med	36109798	2022	NoLink
Genome_Med	25593593	2014	NoLink
Genome_Med	19591663	2009	NoLink
Genome_Med	32825850	2020	null https://github.com/gangwug/SkinPhaser 301 
Genome_Med	32664994	2020	null github.com/brentp/somalier -1 
Genome_Med	25614765	2014	NoLink
Genome_Med	33298160	2020	NoLink
Genome_Med	30482246	2018	NoLink
Genome_Med	33397400	2021	NoLink
Genome_Med	26221188	2015	NoLink
Genome_Med	20193049	2010	NoLink
Genome_Med	35922826	2022	NoLink
Genome_Med	30894216	2019	NoLink
Genome_Med	28558813	2017	NoLink
Genome_Med	22458537	2012	NoLink
Genome_Med	25473422	2014	NoLink
Genome_Med	30497520	2018	NoLink
Genome_Med	20546595	2010	NoLink
Genome_Med	39627784	2024	abstractNotFound
Genome_Med	19591664	2009	NoLink
Genome_Med	37464408	2023	NoLink
Genome_Med	31694722	2019	NoLink
Genome_Med	26825632	2016	available https://github.com/griffithlab/pVAC-Seq 301 
Genome_Med	37919776	2023	NoLink
Genome_Med	38217035	2024	null https://github.com/JinmiaoChenLab/SEDR/ 301 
Genome_Med	25632305	2015	NoLink
Genome_Med	36344995	2022	NoLink
Genome_Med	36424644	2022	NoLink
Genome_Med	23114182	2012	NoLink
Genome_Med	38872215	2024	NoLink
Genome_Med	34470667	2021	NoLink
Genome_Med	35986347	2022	NoLink
Genome_Med	22429919	2012	NoLink
Genome_Med	29378629	2018	NoLink
Genome_Med	38200577	2024	NoLink
Genome_Med	21144010	2010	NoLink
Genome_Med	19939294	2009	NoLink
Genome_Med	21658298	2011	abstractNotFound
Genome_Med	29082853	2017	NoLink
Genome_Med	22546050	2012	abstractNotFound
Genome_Med	36153593	2022	NoLink
Genome_Med	22284131	2012	NoLink
Genome_Med	20687900	2010	NoLink
Genome_Med	34493320	2021	NoLink
Genome_Med	24456652	2014	abstractNotFound
Genome_Med	37723491	2023	NoLink
Genome_Med	30029672	2018	NoLink
Genome_Med	20923579	2010	NoLink
Genome_Med	23673002	2013	NoLink
Genome_Med	29747675	2018	abstractNotFound
Genome_Med	32988401	2020	NoLink
Genome_Med	31345272	2019	NoLink
Genome_Med	26589177	2015	NoLink
Genome_Med	19566916	2009	NoLink
Genome_Med	25276232	2014	NoLink
Genome_Med	19895714	2009	NoLink
Genome_Med	26416663	2015	NoLink
Genome_Med	29580271	2018	NoLink
Genome_Med	33823916	2021	NoLink
Genome_Med	33563315	2021	NoLink
Genome_Med	31122281	2019	NoLink
Genome_Med	21875443	2011	NoLink
Genome_Med	30696458	2019	NoLink
Genome_Med	24971157	2014	NoLink
Genome_Med	34372935	2021	NoLink
Genome_Med	34294113	2021	NoLink
Genome_Med	39538331	2024	NoLink
Genome_Med	30029671	2018	NoLink
Genome_Med	20828426	2010	NoLink
Genome_Med	36703235	2023	NoLink
Genome_Med	25484922	2014	NoLink
Genome_Med	24533893	2013	NoLink
Genome_Med	20497602	2010	NoLink
Genome_Med	27799065	2016	NoLink
Genome_Med	26136847	2015	download https://github.com/jasonsahl/wgfast 301 
Genome_Med	22284023	2012	NoLink
Genome_Med	23046790	2012	NoLink
Genome_Med	22546850	2012	NoLink
Genome_Med	26207141	2015	software http://www.bioinformatics.leeds.ac.uk/labpages/softwares/ -1 null https://github.com/Sharlene/BDC 301 
Genome_Med	23270638	2012	NoLink
Genome_Med	22546713	2012	NoLink
Genome_Med	37101291	2023	NoLink
Genome_Med	25505493	2014	NoLink
Genome_Med	35962405	2022	NoLink
Genome_Med	27876072	2016	NoLink
Genome_Med	25484921	2014	NoLink
Genome_Med	35428358	2022	NoLink
Genome_Med	22494847	2012	NoLink
Genome_Med	35978442	2022	NoLink
Genome_Med	22085423	2011	NoLink
Genome_Med	27435189	2016	NoLink
Genome_Med	34657631	2021	NoLink
Genome_Med	24479693	2014	NoLink
Genome_Med	38111063	2023	available https://github.com/ShenLab-Genomics/RESA 301 
Genome_Med	38769532	2024	NoLink
Genome_Med	31519204	2019	NoLink
Genome_Med	30029678	2018	NoLink
Genome_Med	28347358	2017	NoLink
Genome_Med	38308367	2024	NoLink
Genome_Med	23194449	2012	NoLink
Genome_Med	33771218	2021	null github.com/fakedrtom/oncogemini -1 
Genome_Med	28007021	2016	NoLink
Genome_Med	26642925	2015	NoLink
Genome_Med	23114100	2012	null http://www.biomedcentral.com/1471-2105/13/249/abstract 301 null http://genomemedicine.com/content/4/9/75/abstract 404 
Genome_Med	26391122	2015	NoLink
Genome_Med	27825374	2016	null NCT01845194 -1 
Genome_Med	20090894	2009	NoLink
Genome_Med	27460824	2016	NoLink
Genome_Med	37277866	2023	available http://www.network-cancer-genes.org 200 
Genome_Med	25031619	2014	abstractNotFound
Genome_Med	20519033	2010	NoLink
Genome_Med	36384576	2022	abstractNotFound
Genome_Med	31801603	2019	NoLink
Genome_Med	20727235	2010	NoLink
Genome_Med	33947463	2021	NoLink
Genome_Med	25067956	2014	NoLink
Genome_Med	34607609	2021	null NCT02534675 -1 
Genome_Med	32977850	2020	NoLink
Genome_Med	34034817	2021	null https://phencards.org 301 
Genome_Med	35906703	2022	available https://github.com/bejerano-lab/X-CAP 301 
Genome_Med	20236491	2010	NoLink
Genome_Med	20236502	2010	NoLink
Genome_Med	35236405	2022	NoLink
Genome_Med	37679810	2023	NoLink
Genome_Med	25918553	2015	null NCT01489839 -1 
Genome_Med	25352915	2014	available http://www.biomina.be/app/variantdb/ 301 
Genome_Med	26221186	2015	NoLink
Genome_Med	21392406	2011	NoLink
Genome_Med	19490587	2009	NoLink
Genome_Med	22369851	2012	abstractNotFound
Genome_Med	19863774	2009	NoLink
Genome_Med	30482235	2018	NoLink
Genome_Med	21345270	2011	abstractNotFound
Genome_Med	23889995	2013	NoLink
Genome_Med	25045402	2014	NoLink
Genome_Med	27535130	2016	NoLink
Genome_Med	35287713	2022	null ClinicalTrials.gov -1 null NCT02449148 -1 
Genome_Med	36045401	2022	NoLink
Genome_Med	37020259	2023	NoLink
Genome_Med	26939581	2016	NoLink
Genome_Med	30176915	2018	NoLink
Genome_Med	25821520	2015	NoLink
Genome_Med	32345369	2020	NoLink
Genome_Med	20860819	2010	NoLink
Genome_Med	21888691	2011	NoLink
Genome_Med	32641083	2020	NoLink
Genome_Med	31345251	2019	NoLink
Genome_Med	22738351	2012	NoLink
Genome_Med	19968882	2009	NoLink
Genome_Med	27782854	2016	null NCT01505400 -1 
Genome_Med	35655252	2022	NoLink
Genome_Med	22289516	2012	null http://www.biomedcentral.com/1471-2105/13/8 301 
Genome_Med	24070238	2013	NoLink
Genome_Med	24764495	2014	null http://genomemedicine.com/content/5/3/27 404 null http://genomemedicine.com/content/6/2/14 404 
Genome_Med	19439022	2009	NoLink
Genome_Med	21861849	2011	NoLink
Genome_Med	33225964	2020	NoLink
Genome_Med	35209955	2022	abstractNotFound
Genome_Med	21345258	2011	NoLink
Genome_Med	25473436	2014	NoLink
Genome_Med	27098841	2016	NoLink
Genome_Med	29653584	2018	NoLink
Genome_Med	30081931	2018	NoLink
Genome_Med	26423053	2015	NoLink
Genome_Med	33785076	2021	NoLink
Genome_Med	25031614	2014	null http://genomemedicine.com/content/5/3/27 404 null http://genomemedicine.com/content/6/2/15 404 
Genome_Med	35346344	2022	NoLink
Genome_Med	28841835	2017	available https://github.com/Singh-Lab/Differential-Mutation-Analysis 301 
Genome_Med	37316925	2023	NoLink
Genome_Med	38566132	2024	NoLink
Genome_Med	25484918	2014	NoLink
Genome_Med	26474971	2015	null http://www.g-2-o.com -1 
Genome_Med	25414729	2014	NoLink
Genome_Med	33407829	2021	available https://github.com/hart-lab/bagel 301 
Genome_Med	37700317	2023	NoLink
Genome_Med	20346094	2010	NoLink
Genome_Med	28854978	2017	available https://github.com/zhanglabstjude/neoepitope 301 
Genome_Med	26750923	2016	abstractNotFound
Genome_Med	33632298	2021	available https://github.com/KCCG/ClinSV 301 
Genome_Med	22906193	2012	NoLink
Genome_Med	26856537	2016	NoLink
Genome_Med	32718358	2020	NoLink
Genome_Med	20090898	2009	NoLink
Genome_Med	35473941	2022	available https://github.com/HUST-NingKang-Lab/ONN4MST 301 
Genome_Med	21211069	2010	NoLink
Genome_Med	29673390	2018	null https://pgpresearch.med.harvard.edu/poolseq/ 301 
Genome_Med	25709717	2015	NoLink
Genome_Med	28126037	2017	NoLink
Genome_Med	25452766	2014	NoLink
Genome_Med	24571651	2014	NoLink
Genome_Med	20193052	2010	NoLink
Genome_Med	19341506	2009	NoLink
Genome_Med	37013636	2023	NoLink
Genome_Med	38539228	2024	NoLink
Genome_Med	38217005	2024	NoLink
Genome_Med	27788678	2016	NoLink
Genome_Med	19852779	2009	NoLink
Genome_Med	30382883	2018	NoLink
Genome_Med	34663447	2021	NoLink
Genome_Med	32075678	2020	NoLink
Genome_Med	31862013	2019	NoLink
Genome_Med	26589591	2015	NoLink
Genome_Med	37828555	2023	NoLink
Genome_Med	29191242	2017	NoLink
Genome_Med	39187811	2024	NoLink
Genome_Med	20236494	2010	NoLink
Genome_Med	34991709	2022	NoLink
Genome_Med	19348698	2009	NoLink
Genome_Med	35078527	2022	NoLink
Genome_Med	31126351	2019	NoLink
Genome_Med	26608341	2015	NoLink
Genome_Med	25191524	2014	NoLink
Genome_Med	37165454	2023	NoLink
Genome_Med	34814937	2021	NoLink
Genome_Med	19435468	2009	NoLink
Genome_Med	37131267	2023	NoLink
Genome_Med	31747945	2019	NoLink
Genome_Med	26302953	2015	NoLink
Genome_Med	35488273	2022	NoLink
Genome_Med	27716393	2016	NoLink
Genome_Med	20423530	2010	NoLink
Genome_Med	21910929	2011	NoLink
Genome_Med	27215286	2016	NoLink
Genome_Med	30914058	2019	NoLink
Genome_Med	21349211	2011	NoLink
Genome_Med	20236478	2010	NoLink
Genome_Med	25061481	2014	NoLink
Genome_Med	35505393	2022	NoLink
Genome_Med	32188490	2020	NoLink
Genome_Med	21345254	2011	NoLink
Genome_Med	26838676	2016	null http://www.omimexplorer.com 404 
Genome_Med	34099044	2021	NoLink
Genome_Med	32471482	2020	NoLink
Genome_Med	23899292	2013	NoLink
Genome_Med	37055795	2023	NoLink
Genome_Med	30674341	2019	NoLink
Genome_Med	34641956	2021	null NCT02478931 -1 
Genome_Med	21699745	2011	NoLink
Genome_Med	24001039	2013	NoLink
Genome_Med	38509598	2024	NoLink
Genome_Med	28938910	2017	NoLink
Genome_Med	25949530	2015	null http://genomemedicine.com/content/5/9/89 404 
Genome_Med	34861889	2021	NoLink
Genome_Med	25722745	2015	null NCT02306096 -1 
Genome_Med	22734695	2012	abstractNotFound
Genome_Med	38243308	2024	NoLink
Genome_Med	26140055	2015	NoLink
Genome_Med	37420249	2023	NoLink
Genome_Med	23809696	2013	NoLink
Genome_Med	19917099	2009	NoLink
Genome_Med	38778393	2024	NoLink
Genome_Med	21745422	2011	NoLink
Genome_Med	19341496	2009	NoLink
Genome_Med	20465800	2010	NoLink
Genome_Med	30442178	2018	NoLink
Genome_Med	38355597	2024	NoLink
Genome_Med	21392414	2011	NoLink
Genome_Med	22640420	2012	NoLink
Genome_Med	19341507	2009	NoLink
Genome_Med	31640730	2019	available https://nard.macrogen.com/ -1 
Genome_Med	26195989	2015	NoLink
Genome_Med	31892348	2019	NoLink
Genome_Med	22293121	2012	abstractNotFound
Genome_Med	38238823	2024	NoLink
Genome_Med	34857041	2021	NoLink
Genome_Med	25587359	2014	NoLink
Genome_Med	22264340	2012	NoLink
Genome_Med	29378630	2018	NoLink
Genome_Med	32349779	2020	NoLink
Genome_Med	37475004	2023	NoLink
Genome_Med	35974387	2022	NoLink
Genome_Med	25954321	2015	NoLink
Genome_Med	22732016	2012	NoLink
Genome_Med	31924279	2020	NoLink
Genome_Med	35971134	2022	NoLink
Genome_Med	21167082	2010	NoLink
Genome_Med	25228923	2014	abstractNotFound
Genome_Med	25177370	2014	code http://bioen-compbio.bioen.illinois.edu/DawnRank/ -1 
Genome_Med	19463184	2009	NoLink
Genome_Med	34034819	2021	NoLink
Genome_Med	29471866	2018	NoLink
Genome_Med	37344884	2023	NoLink
Genome_Med	27102203	2016	NoLink
Genome_Med	34011400	2021	NoLink
Genome_Med	31771638	2019	NoLink
Genome_Med	30909959	2019	abstractNotFound
Genome_Med	27175787	2016	NoLink
Genome_Med	19348690	2009	abstractNotFound
Genome_Med	29282103	2017	NoLink
Genome_Med	21635710	2011	NoLink
Genome_Med	27215330	2016	NoLink
Genome_Med	37475040	2023	NoLink
Genome_Med	23961719	2013	NoLink
Genome_Med	19754960	2009	NoLink
Genome_Med	35606880	2022	NoLink
Genome_Med	29482655	2018	NoLink
Genome_Med	33413596	2021	null NCT02791152 -1 
Genome_Med	32825847	2020	NoLink
Genome_Med	37081523	2023	NoLink
Genome_Med	25530806	2014	NoLink
Genome_Med	36703223	2023	NoLink
Genome_Med	32460812	2020	NoLink
Genome_Med	30458854	2018	NoLink
Genome_Med	31203817	2019	NoLink
Genome_Med	25729435	2015	NoLink
Genome_Med	23445748	2013	NoLink
Genome_Med	25632304	2015	NoLink
Genome_Med	23363777	2013	NoLink
Genome_Med	23050952	2012	NoLink
Genome_Med	21067556	2010	NoLink
Genome_Med	32188505	2020	NoLink
Genome_Med	30376869	2018	NoLink
Genome_Med	33494793	2021	null NCT02628951 -1 
Genome_Med	23673226	2013	NoLink
Genome_Med	35879783	2022	NoLink
Genome_Med	22546737	2012	abstractNotFound
Genome_Med	39135118	2024	NoLink
Genome_Med	22630332	2012	NoLink
Genome_Med	20353613	2010	NoLink
Genome_Med	33910599	2021	NoLink
Genome_Med	26490253	2015	NoLink
Genome_Med	22583555	2012	NoLink
Genome_Med	19348688	2009	abstractNotFound
Genome_Med	19519948	2009	NoLink
Genome_Med	26157489	2015	NoLink
Genome_Med	26643039	2015	available https://github.com/cauyrd/ScanIndel 301 
Genome_Med	21989199	2011	NoLink
Genome_Med	28662719	2017	abstractNotFound
Genome_Med	37794492	2023	NoLink
Genome_Med	36627643	2023	NoLink
Genome_Med	21797996	2011	NoLink
Genome_Med	26507874	2015	abstractNotFound
Genome_Med	28129791	2017	NoLink
Genome_Med	23259642	2012	NoLink
Genome_Med	32066500	2020	NoLink
Genome_Med	35513850	2022	NoLink
Genome_Med	27887638	2016	NoLink
Genome_Med	33875000	2021	null https://pathogen.watch/ngonorrhoeae 200 
Genome_Med	19348689	2009	NoLink
Genome_Med	29558971	2018	NoLink
Genome_Med	34020708	2021	NoLink
Genome_Med	39456053	2024	NoLink
Genome_Med	36927505	2023	NoLink
Genome_Med	20642868	2010	NoLink
Genome_Med	22546470	2012	NoLink
Genome_Med	30466478	2018	NoLink
Genome_Med	36045381	2022	NoLink
Genome_Med	39578904	2024	NoLink
Genome_Med	23383720	2013	NoLink
Genome_Med	36581867	2022	NoLink
Genome_Med	24028793	2013	available http://sourceforge.net/projects/bait/ 301 
Genome_Med	34579788	2021	NoLink
Genome_Med	31727138	2019	NoLink
Genome_Med	21861847	2011	NoLink
Genome_Med	38374116	2024	NoLink
Genome_Med	23199206	2012	NoLink
Genome_Med	19341492	2009	NoLink
Genome_Med	19348697	2009	NoLink
Genome_Med	24050736	2013	abstractNotFound
Genome_Med	25709718	2015	NoLink
Genome_Med	21676259	2011	NoLink
Genome_Med	38374151	2024	NoLink
Genome_Med	32317009	2020	NoLink
Genome_Med	33109261	2020	NoLink
Genome_Med	22126607	2011	NoLink
Genome_Med	22445237	2012	NoLink
Genome_Med	35585550	2022	NoLink
Genome_Med	37612755	2023	NoLink
Genome_Med	35971132	2022	NoLink
Genome_Med	24739241	2014	NoLink
Genome_Med	33272320	2020	software https://github.com/arorarshi/survClust 301 
Genome_Med	37127652	2023	NoLink
Genome_Med	36209109	2022	available http://www.liulab.science/MetaRNN 406 available https://github.com/Chang-Li2019/MetaRNN 301 
Genome_Med	35585607	2022	NoLink
Genome_Med	33441150	2021	NoLink
Genome_Med	29241446	2017	NoLink
Genome_Med	28187790	2017	NoLink
Genome_Med	20429960	2010	NoLink
Genome_Med	23194586	2012	NoLink
Genome_Med	38886809	2024	NoLink
Genome_Med	27029192	2016	available www.cbs.dtu.dk/services/NetMHCpan-3.0 -1 
Genome_Med	33879239	2021	NoLink
Genome_Med	33902690	2021	NoLink
Genome_Med	24050114	2013	NoLink
Genome_Med	19804610	2009	NoLink
Genome_Med	27876088	2016	abstractNotFound
Genome_Med	21542892	2011	NoLink
Genome_Med	29089048	2017	NoLink
Genome_Med	25821521	2015	NoLink
Genome_Med	21658297	2011	NoLink
Genome_Med	35501841	2022	NoLink
Genome_Med	36658655	2023	NoLink
Genome_Med	23731547	2013	abstractNotFound
Genome_Med	25538794	2014	null NCT00258869 -1 
Genome_Med	29661213	2018	NoLink
Genome_Med	26568192	2015	NoLink
Genome_Med	39627863	2024	NoLink
Genome_Med	21092146	2010	NoLink
Genome_Med	26019724	2015	null https://github.com/Oshlack/JAFFA/wiki 301 
Genome_Med	39061094	2024	NoLink
Genome_Med	25908942	2015	download http://paed.hku.hk/genome/ 301 
Genome_Med	25473433	2014	NoLink
Genome_Med	21943201	2011	NoLink
Genome_Med	27198579	2016	available https://github.com/ChongWu-Biostat/MiSPU 301 
Genome_Med	37845772	2023	NoLink
Genome_Med	20701739	2010	NoLink
Genome_Med	31003596	2019	NoLink
Genome_Med	30867038	2019	abstractNotFound
Genome_Med	35130931	2022	abstractNotFound
Genome_Med	34238352	2021	NoLink
Genome_Med	36224665	2022	abstractNotFound
Genome_Med	20193050	2010	NoLink
Genome_Med	26873713	2016	NoLink
Genome_Med	22458566	2012	NoLink
Genome_Med	37528461	2023	NoLink
Genome_Med	28720124	2017	NoLink
Genome_Med	38886830	2024	NoLink
Genome_Med	21122164	2010	NoLink
Genome_Med	23998908	2013	NoLink
Genome_Med	34645488	2021	NoLink
Genome_Med	19951402	2009	NoLink
Genome_Med	28923095	2017	NoLink
Genome_Med	33879241	2021	NoLink
Genome_Med	29690921	2018	NoLink
Genome_Med	30526634	2018	NoLink
Genome_Med	34281603	2021	NoLink
Genome_Med	24004612	2013	NoLink
Genome_Med	37904203	2023	NoLink
Genome_Med	19951401	2009	NoLink
Genome_Med	24289319	2013	NoLink
Genome_Med	35346346	2022	NoLink
Genome_Med	33975634	2021	NoLink
Genome_Med	33658058	2021	NoLink
Genome_Med	26015807	2015	NoLink
Genome_Med	19863772	2009	NoLink
Genome_Med	28115009	2017	NoLink
Genome_Med	22839973	2012	NoLink
Genome_Med	35590387	2022	NoLink
Genome_Med	25763110	2015	NoLink
Genome_Med	31039804	2019	NoLink
Genome_Med	20587003	2010	NoLink
Genome_Med	34425903	2021	NoLink
Genome_Med	34092249	2021	NoLink
Genome_Med	19341497	2009	NoLink
Genome_Med	32787954	2020	available https://github.com/yufanzhouonline/HiSIF 301 
Genome_Med	33261662	2020	available http://database.liulab.science/dbNSFP 403 
Genome_Med	24597950	2014	NoLink
Genome_Med	20090896	2009	NoLink
Genome_Med	21787442	2011	NoLink
Genome_Med	36307859	2022	NoLink
Genome_Med	32143680	2020	NoLink
Genome_Med	38481348	2024	NoLink
Genome_Med	29898768	2018	NoLink
Genome_Med	39085949	2024	NoLink
Genome_Med	24229443	2013	NoLink
Genome_Med	31847873	2019	NoLink
Genome_Med	20860855	2010	NoLink
Genome_Med	24475754	2014	NoLink
Genome_Med	23514125	2013	NoLink
Genome_Med	33287884	2020	NoLink
Genome_Med	33246485	2020	NoLink
Genome_Med	29301589	2018	NoLink
Genome_Med	29070057	2017	NoLink
Genome_Med	20815920	2010	NoLink
Genome_Med	26917418	2016	NoLink
Genome_Med	30266097	2018	NoLink
Genome_Med	28153049	2017	NoLink
Genome_Med	29486777	2018	NoLink
Genome_Med	35440092	2022	NoLink
Genome_Med	23351549	2013	NoLink
Genome_Med	20828428	2010	NoLink
Genome_Med	39020404	2024	NoLink
Genome_Med	19341508	2009	NoLink
Genome_Med	32000839	2020	NoLink
Genome_Med	28007024	2016	available http://icages.wglab.org -1 
Genome_Med	27964748	2016	NoLink
Genome_Med	34732240	2021	NoLink
Genome_Med	27048547	2016	NoLink
Genome_Med	27098727	2016	NoLink
Genome_Med	33106175	2020	NoLink
Genome_Med	33726816	2021	NoLink
Genome_Med	39593080	2024	null https://github.com/SimonLammmm/exorcise 301 
Genome_Med	28720120	2017	NoLink
Genome_Med	26338694	2015	software http://rongchenlab.org/software/clinlabgeneticist 301 
Genome_Med	25031626	2014	NoLink
Genome_Med	22830651	2012	NoLink
Genome_Med	23631487	2013	NoLink
Genome_Med	25688292	2015	NoLink
Genome_Med	21345269	2011	abstractNotFound
Genome_Med	36414972	2022	NoLink
Genome_Med	20854645	2010	NoLink
Genome_Med	20804565	2010	NoLink
Genome_Med	25426171	2014	NoLink
Genome_Med	26343061	2015	abstractNotFound
Genome_Med	22035782	2011	NoLink
Genome_Med	28081715	2017	abstractNotFound
Genome_Med	31564248	2019	code https://bromberglab.org/project/avadx/ 301 
Genome_Med	28738847	2017	NoLink
Genome_Med	34663432	2021	NoLink
Genome_Med	31744524	2019	NoLink
Genome_Med	23158748	2012	NoLink
Genome_Med	26589500	2015	NoLink
Genome_Med	26794239	2016	NoLink
Genome_Med	30041684	2018	NoLink
Genome_Med	37403170	2023	NoLink
Genome_Med	30236153	2018	NoLink
Genome_Med	37978395	2023	NoLink
Genome_Med	38243343	2024	NoLink
Genome_Med	19638186	2009	NoLink
Genome_Med	35189942	2022	null github.com/KidneyRegeneration/DevKidCC -1 
Genome_Med	30572963	2018	NoLink
Genome_Med	NA	2010	NoLink
Genome_Med	22206610	2011	NoLink
Genome_Med	20670384	2010	NoLink
Genome_Med	28081722	2017	NoLink
Genome_Med	26229553	2015	NoLink
Genome_Med	28569182	2017	NoLink
Genome_Med	26888550	2016	abstractNotFound
Genome_Med	37735421	2023	NoLink
Genome_Med	37202796	2023	abstractNotFound
Genome_Med	23360680	2013	NoLink
Genome_Med	30486892	2018	NoLink
Genome_Med	25587356	2014	NoLink
Genome_Med	34641962	2021	NoLink
Genome_Med	30777124	2019	NoLink
Genome_Med	37131219	2023	NoLink
Genome_Med	28231819	2017	NoLink
Genome_Med	26719100	2015	NoLink
Genome_Med	39434187	2024	NoLink
Genome_Med	29179772	2017	NoLink
Genome_Med	38741190	2024	NoLink
Genome_Med	24944585	2014	abstractNotFound
Genome_Med	38409176	2024	NoLink
Genome_Med	24944584	2014	NoLink
Genome_Med	20701793	2010	NoLink
Genome_Med	34044854	2021	available https://github.com/daifengwanglab/scGRNom 301 
Genome_Med	39095897	2024	NoLink
Genome_Med	38982539	2024	NoLink
Genome_Med	28587651	2017	abstractNotFound
Genome_Med	33947449	2021	NoLink
Genome_Med	23998271	2013	NoLink
Genome_Med	37924118	2023	null http://xteam.xbio.top/ACT/ 200 null http://biocc.hrbmu.edu.cn/ACT/ 200 
Genome_Med	24172704	2013	NoLink
Genome_Med	24040834	2013	NoLink
Genome_Med	25926890	2015	NoLink
Genome_Med	33451348	2021	NoLink
Genome_Med	30567569	2018	NoLink
Genome_Med	33892787	2021	NoLink
Genome_Med	26269718	2015	NoLink
Genome_Med	20423533	2010	NoLink
Genome_Med	29254491	2017	NoLink
Genome_Med	23796271	2013	abstractNotFound
Genome_Med	24073687	2013	null http://genomemedicine.com/content/5/9/86 404 
Genome_Med	25874000	2015	NoLink
Genome_Med	36303224	2022	NoLink
Genome_Med	20090897	2009	NoLink
Genome_Med	38041202	2023	code www.combosc.top -1 available https://github.com/bm2-lab/comboSC 301 
Genome_Med	19566913	2009	NoLink
Genome_Med	38279156	2024	available https://spatialtranscriptomicsanalysis.com/ 200 
Genome_Med	30591078	2018	NoLink
Genome_Med	38811945	2024	NoLink
Genome_Med	33971972	2021	NoLink
Genome_Med	26582264	2015	NoLink
Genome_Med	30261899	2018	NoLink
Genome_Med	25632303	2015	NoLink
Genome_Med	22621766	2012	NoLink
Genome_Med	28381277	2017	NoLink
Genome_Med	21542888	2011	NoLink
Genome_Med	35962452	2022	NoLink
Genome_Med	34645491	2021	NoLink
Genome_Med	37461045	2023	NoLink
Genome_Med	32111235	2020	NoLink
Genome_Med	29954452	2018	NoLink
Genome_Med	27686127	2016	NoLink
Genome_Med	30144804	2018	NoLink
Genome_Med	33910608	2021	software https://github.com/afujimoto/CAMPHOR 301 null https://github.com/afujimoto/CAMPHORsomatic 301 
Genome_Med	20691073	2010	NoLink
Genome_Med	27799057	2016	NoLink
Genome_Med	31466529	2019	NoLink
Genome_Med	25722744	2015	NoLink
Genome_Med	29482619	2018	NoLink
Genome_Med	20497613	2010	NoLink
Genome_Med	24944579	2014	NoLink
Genome_Med	39272130	2024	NoLink
Genome_Med	33413610	2021	tool http://genomics.lshtm.ac.uk/immuno 301 null https://github.com/dan-ward-bio/COVID-immunoanalytics 301 
Genome_Med	30103826	2018	NoLink
Genome_Med	23131117	2012	NoLink
Genome_Med	25642295	2015	null NCT00089882 -1 null NCT00462917 -1 
Genome_Med	30165908	2018	null https://github.com/rguerillot/RM-seq 301 
Genome_Med	21345247	2011	NoLink
Genome_Med	34261517	2021	NoLink
Genome_Med	24713112	2014	NoLink
Genome_Med	32349777	2020	NoLink
Genome_Med	26482651	2015	NoLink
Genome_Med	29084588	2017	NoLink
Genome_Med	24713084	2014	NoLink
Genome_Med	36153630	2022	NoLink
Genome_Med	35599315	2022	null NCT01777893 -1 
Genome_Med	29089060	2017	NoLink
Genome_Med	21244703	2011	NoLink
Genome_Med	36303210	2022	NoLink
Genome_Med	38321573	2024	NoLink
Genome_Med	29653583	2018	NoLink
Genome_Med	29801518	2018	NoLink
Genome_Med	25473434	2014	NoLink
Genome_Med	23806003	2013	abstractNotFound
Genome_Med	26620832	2015	NoLink
Genome_Med	28420414	2017	NoLink
Genome_Med	34749793	2021	NoLink
Genome_Med	36978128	2023	NoLink
Genome_Med	20587079	2010	NoLink
Genome_Med	31443728	2019	null https://github.com/qzhang314/DNAm-based-age-predictor 301 
Genome_Med	23021552	2012	NoLink
Genome_Med	29996888	2018	null http://159.226.67.237:8080/pafa -1 
Genome_Med	36085083	2022	NoLink
Genome_Med	26289940	2015	NoLink
Genome_Med	38509622	2024	null https://clinicaltrials.gov/ct2/show/NCT02264717 301 
Genome_Med	19348692	2009	NoLink
Genome_Med	32878637	2020	NoLink
Genome_Med	23419152	2013	NoLink
Genome_Med	20860851	2010	NoLink
Genome_Med	33926515	2021	NoLink
Genome_Med	39558215	2024	NoLink
Genome_Med	27412252	2016	NoLink
Genome_Med	20959028	2010	NoLink
Genome_Med	37667405	2023	NoLink
Genome_Med	31597568	2019	NoLink
Genome_Med	31014396	2019	NoLink
Genome_Med	28539123	2017	NoLink
Genome_Med	33593386	2021	NoLink
Genome_Med	27121861	2016	NoLink
Genome_Med	19356222	2009	NoLink
Genome_Med	19490583	2009	NoLink
Genome_Med	25473432	2014	NoLink
Genome_Med	26856702	2016	NoLink
Genome_Med	35945607	2022	null http://www-personal.umich.edu/~mattpat/rareDiseases.html 302 
Genome_Med	35016706	2022	NoLink
Genome_Med	29471874	2018	NoLink
Genome_Med	32345361	2020	NoLink
Genome_Med	38816749	2024	NoLink
Genome_Med	39385243	2024	NoLink
Genome_Med	33256807	2020	NoLink
Genome_Med	31955713	2020	NoLink
Genome_Med	23534337	2013	NoLink
Genome_Med	39044302	2024	NoLink
Genome_Med	36788602	2023	NoLink
Genome_Med	23013645	2012	null http://www.annotate-it.org -1 
Genome_Med	25949529	2015	NoLink
Genome_Med	24944582	2014	NoLink
Genome_Med	34362430	2021	NoLink
Genome_Med	23510086	2013	NoLink
Genome_Med	24963352	2014	NoLink
Genome_Med	25606058	2014	null http://www.broadinstitute.org/CMAP/ 301 
Genome_Med	33785063	2021	NoLink
Genome_Med	30819206	2019	abstractNotFound
Genome_Med	26883915	2016	available https://github.com/xiaeryu/SpoTyping-v2.0 301 
Genome_Med	37069702	2023	NoLink
Genome_Med	27102333	2016	NoLink
Genome_Med	38643166	2024	NoLink
Genome_Med	28245856	2017	NoLink
Genome_Med	34706766	2021	NoLink
Genome_Med	39578878	2024	NoLink
Genome_Med	30371343	2018	NoLink
Genome_Med	23731620	2013	NoLink
Genome_Med	35710456	2022	NoLink
Genome_Med	29178968	2017	code https://github.com/assafgo/warfarin-cohort 301 
Genome_Med	25918554	2015	NoLink
Genome_Med	38822427	2024	NoLink
Genome_Med	19490586	2009	NoLink
Genome_Med	34158092	2021	NoLink
Genome_Med	27287041	2016	available http://inspire.cs.washington.edu 301 
Genome_Med	33632302	2021	NoLink
Genome_Med	28851441	2017	NoLink
Genome_Med	25031612	2014	abstractNotFound
Genome_Med	33371902	2020	NoLink
Genome_Med	19664201	2009	NoLink
Genome_Med	27122152	2016	abstractNotFound
Genome_Med	34006333	2021	null https://github.com/UMCUGenetics/SHARC 301 
Genome_Med	39138574	2024	NoLink
Genome_Med	23673253	2013	abstractNotFound
Genome_Med	25473437	2014	NoLink
Genome_Med	27784341	2016	NoLink
Genome_Med	23731576	2013	NoLink
Genome_Med	28511717	2017	NoLink
Genome_Med	32471518	2020	NoLink
Genome_Med	24678845	2014	NoLink
Genome_Med	29382356	2018	abstractNotFound
Genome_Med	19348701	2009	NoLink
Genome_Med	35227293	2022	NoLink
Genome_Med	25317207	2014	NoLink
Genome_Med	25473424	2014	NoLink
Genome_Med	27159972	2016	NoLink
Genome_Med	25031624	2014	NoLink
Genome_Med	20854646	2010	NoLink
Genome_Med	26917491	2016	NoLink
Genome_Med	25473423	2014	NoLink
Genome_Med	26110023	2015	NoLink
Genome_Med	22293069	2012	NoLink
Genome_Med	34365978	2021	null ClinicalTrials.gov -1 
Genome_Med	19691823	2009	NoLink
Genome_Med	27683027	2016	NoLink
Genome_Med	24944587	2014	NoLink
Genome_Med	35172892	2022	NoLink
Genome_Med	33218352	2020	NoLink
Genome_Med	20346093	2010	NoLink
Genome_Med	25228924	2014	NoLink
Genome_Med	31941532	2020	NoLink
Genome_Med	26822992	2016	NoLink
Genome_Med	30583724	2018	NoLink
Genome_Med	20831842	2010	NoLink
Genome_Med	22734671	2012	NoLink
Genome_Med	23537139	2013	NoLink
Genome_Med	35672798	2022	NoLink
Genome_Med	21745417	2011	NoLink
Genome_Med	21114804	2010	abstractNotFound
Genome_Med	27245778	2016	NoLink
Genome_Med	23013673	2012	NoLink
Genome_Med	19638189	2009	NoLink
Genome_Med	38317187	2024	NoLink
Genome_Med	23906180	2013	NoLink
Genome_Med	39434156	2024	NoLink
Genome_Med	19939289	2009	NoLink
Genome_Med	21699744	2011	NoLink
Genome_Med	26089986	2015	NoLink
Genome_Med	26932475	2016	NoLink
Genome_Med	25722743	2015	NoLink
Genome_Med	25825593	2015	NoLink
Genome_Med	27782852	2016	abstractNotFound
Genome_Med	29179742	2017	NoLink
Genome_Med	19341488	2009	NoLink
Genome_Med	38017547	2023	NoLink
Genome_Med	22458606	2012	NoLink
Genome_Med	28446242	2017	NoLink
Genome_Med	27964749	2016	NoLink
Genome_Med	30609936	2019	pipeline https://github.com/cclab-brca/NGTAS_pipeline 301 
Genome_Med	26419432	2015	NoLink
Genome_Med	33781310	2021	NoLink
Genome_Med	35698167	2022	NoLink
Genome_Med	35637530	2022	NoLink
Genome_Med	22364178	2012	NoLink
Genome_Med	19490584	2009	NoLink
Genome_Med	38627827	2024	NoLink
Genome_Med	26170901	2015	available https://bitbucket.org/srp33/gsoa 301 
Genome_Med	34001247	2021	code http://cpag.oit.duke.edu 200 code https://github.com/tbalmat/iCPAGdb 301 
Genome_Med	21867574	2011	NoLink
Genome_Med	23259664	2012	NoLink
Genome_Med	37046351	2023	abstractNotFound
Genome_Med	39538339	2024	NoLink
Genome_Med	36918911	2023	NoLink
Genome_Med	31992345	2020	NoLink
Genome_Med	19348693	2009	NoLink
Genome_Med	28327175	2017	NoLink
Genome_Med	19886976	2009	NoLink
Genome_Med	20193051	2010	NoLink
Genome_Med	29580258	2018	NoLink
Genome_Med	22035871	2011	null http://genomemedicine.com/content/3/10/64 404 
Genome_Med	25810764	2015	NoLink
Genome_Med	23351593	2013	null http://genomemedicine.com/content/5/1/3 404 
Genome_Med	35016696	2022	NoLink
Genome_Med	35953846	2022	NoLink
Genome_Med	25593591	2014	NoLink
Genome_Med	35883178	2022	NoLink
Genome_Med	33023656	2020	NoLink
Genome_Med	38898508	2024	NoLink
Genome_Med	38566210	2024	available https://github.com/sunnyzxh/dMTLV 301 null https://github.com/sunnyzxh/fNUMT 301 
Genome_Med	37726845	2023	NoLink
Genome_Med	37679823	2023	NoLink
Genome_Med	19519958	2009	NoLink
Genome_Med	35139905	2022	NoLink
Genome_Med	29695279	2018	available http://bioconductor.org/packages/MutationalPatterns 301 
Genome_Med	31101064	2019	NoLink
Genome_Med	33892793	2021	abstractNotFound
Genome_Med	28554332	2017	NoLink
Genome_Med	37950308	2023	software https://github.com/jodyphelan/malaria-profiler 301 
Genome_Med	22794791	2012	NoLink
Genome_Med	28279190	2017	NoLink
Genome_Med	27037032	2016	NoLink
Genome_Med	27122046	2016	NoLink
Genome_Med	31340855	2019	NoLink
Genome_Med	33106165	2020	NoLink
Genome_Med	29078804	2017	NoLink
Genome_Med	21867575	2011	null http://genomemedicine.com/content/3/7/43 404 
Genome_Med	34607606	2021	abstractNotFound
Genome_Med	38225592	2024	NoLink
Genome_Med	28449715	2017	NoLink
Genome_Med	37805537	2023	NoLink
Genome_Med	26120366	2015	NoLink
Genome_Med	32070411	2020	NoLink
Genome_Med	32791978	2020	NoLink
Genome_Med	38008725	2023	NoLink
Genome_Med	26019725	2015	NoLink
Genome_Med	26302787	2015	NoLink
Genome_Med	27562213	2016	software http://www.hufflab.org/software/VARPRISM 301 
Genome_Med	30803449	2019	NoLink
Genome_Med	29945653	2018	NoLink
Genome_Med	22023877	2011	NoLink
Genome_Med	27655359	2016	NoLink
Genome_Med	37705109	2023	available https://github.com/ChloeHJ/TRAP 301 
Genome_Med	23672693	2013	abstractNotFound
Genome_Med	25606059	2015	NoLink
Genome_Med	37904243	2023	NoLink
Genome_Med	37779206	2023	NoLink
Genome_Med	25400697	2014	null http://www.cgem.ed.ac.uk/resources/ -1 
Genome_Med	32192534	2020	NoLink
Genome_Med	20670394	2010	NoLink
Genome_Med	19664195	2009	NoLink
Genome_Med	28716134	2017	NoLink
Genome_Med	33926532	2021	NoLink
Genome_Med	37443081	2023	NoLink
Genome_Med	29950176	2018	NoLink
Genome_Med	22204616	2011	NoLink
Genome_Med	37950327	2023	NoLink
Genome_Med	33573683	2021	abstractNotFound
Genome_Med	39034402	2024	NoLink
Genome_Med	21345246	2011	NoLink
Genome_Med	28821273	2017	NoLink
Genome_Med	33239103	2020	NoLink
Genome_Med	24373327	2013	NoLink
Genome_Med	31847894	2019	NoLink
Genome_Med	23561577	2013	NoLink
Genome_Med	32111252	2020	NoLink
Genome_Med	28351419	2017	available https://sourceforge.net/projects/etha/ 301 
Genome_Med	34399830	2021	null NCT02928367 -1 
Genome_Med	26739746	2016	NoLink
Genome_Med	34724984	2021	null https://github.com/itaysason/Mix-MMM 301 
Genome_Med	39198848	2024	NoLink
Genome_Med	36527145	2022	NoLink
Genome_Med	26792175	2016	NoLink
Genome_Med	38840170	2024	NoLink
Genome_Med	29973248	2018	NoLink
Genome_Med	27363992	2016	NoLink
Genome_Med	35606784	2022	NoLink
Genome_Med	23906214	2013	NoLink
Genome_Med	31775856	2019	abstractNotFound
Genome_Med	19822025	2009	NoLink
Genome_Med	30987660	2019	NoLink
Genome_Med	26482556	2015	NoLink
Genome_Med	38627848	2024	NoLink
Genome_Med	19691821	2009	NoLink
Genome_Med	27506198	2016	NoLink
Genome_Med	36258199	2022	NoLink
Genome_Med	29587883	2018	NoLink
Genome_Med	32605650	2020	NoLink
Genome_Med	24073723	2013	NoLink
Genome_Med	31340865	2019	NoLink
Genome_Med	39482783	2024	NoLink
Genome_Med	28854983	2017	available http://mucistarget.aertslab.org 302 
Genome_Med	27090860	2016	NoLink
Genome_Med	23718828	2013	NoLink
Genome_Med	25028597	2014	NoLink
Genome_Med	34412659	2021	NoLink
Genome_Med	33706810	2021	NoLink
Genome_Med	22839767	2012	NoLink
Genome_Med	36419110	2022	NoLink
Genome_Med	31783775	2019	NoLink
Genome_Med	27074706	2016	NoLink
Genome_Med	27793177	2016	NoLink
Genome_Med	21176121	2010	NoLink
Genome_Med	23537167	2013	NoLink
Genome_Med	35850704	2022	NoLink
Genome_Med	20667078	2010	NoLink
Genome_Med	20804580	2010	NoLink
Genome_Med	32102694	2020	null http://tide.dfci.harvard.edu 200 
Genome_Med	28241858	2017	NoLink
Genome_Med	23268841	2012	NoLink
Genome_Med	20156317	2010	NoLink
Genome_Med	27884207	2016	NoLink
Genome_Med	36316687	2022	NoLink
Genome_Med	36127736	2022	abstractNotFound
Genome_Med	19341489	2009	NoLink
Genome_Med	29482603	2018	NoLink
Genome_Med	38566128	2024	NoLink
Genome_Med	35468861	2022	NoLink
Genome_Med	25705260	2015	NoLink
Genome_Med	22360970	2012	NoLink
Genome_Med	39300495	2024	NoLink
Genome_Med	25810763	2015	NoLink
Genome_Med	28330499	2017	NoLink
Genome_Med	32711559	2020	NoLink
Genome_Med	27198694	2016	NoLink
Genome_Med	26246858	2015	abstractNotFound
Genome_Med	38041146	2023	NoLink
Genome_Med	19348695	2009	NoLink
Genome_Med	23953663	2013	abstractNotFound
Genome_Med	36522764	2022	NoLink
Genome_Med	33287863	2020	NoLink
Genome_Med	38992748	2024	NoLink
Genome_Med	39375688	2024	NoLink
Genome_Med	39617907	2024	NoLink
Genome_Med	34399838	2021	NoLink
Genome_Med	22839743	2012	NoLink
Genome_Med	26269719	2015	NoLink
Genome_Med	26362649	2015	NoLink
Genome_Med	29241461	2017	NoLink
Genome_Med	37946251	2023	NoLink
Genome_Med	30696459	2019	abstractNotFound
Genome_Med	31439014	2019	software github.com/hart-lab/drugz -1 
Genome_Med	19435481	2009	NoLink
Genome_Med	35197093	2022	NoLink
Genome_Med	20193066	2010	null http://www.esat.kuleuven.be/~bioiuser/chdwiki 301 
Genome_Med	31640748	2019	NoLink
Genome_Med	31666118	2019	null https://github.com/bm2-lab/pTuneos 301 null https://cloud.docker.com/u/bm2lab/repository/docker/bm2lab/ptuneos 301 
Genome_Med	20519034	2010	NoLink
Genome_Med	24286457	2013	NoLink
Genome_Med	34517885	2021	abstractNotFound
Genome_Med	24479626	2014	NoLink
Genome_Med	20822536	2010	available http://csbi.ltdk.helsinki.fi/anduril/ 301 available http://csbi.ltdk.helsinki.fi/anduril/tcga-gbm/ 301 
Genome_Med	37936230	2023	null https://github.com/Bamrock/DeepTrace 301 
Genome_Med	33261667	2020	NoLink
Genome_Med	23531373	2013	NoLink
Genome_Med	26221185	2015	NoLink
Genome_Med	34629083	2021	NoLink
Genome_Med	33618765	2021	NoLink
Genome_Med	37468900	2023	NoLink
Genome_Med	29544535	2018	available https://github.com/jperera-bel/MTB-Report 301 
Genome_Med	19638185	2009	NoLink
Genome_Med	38184654	2024	abstractNotFound
Genome_Med	26244058	2015	NoLink
Genome_Med	32228647	2020	NoLink
Genome_Med	38605363	2024	NoLink
Genome_Med	32723359	2020	NoLink
Genome_Med	24479672	2014	NoLink
Genome_Med	28118860	2017	NoLink
Genome_Med	38570875	2024	NoLink
Genome_Med	21702935	2011	NoLink
Genome_Med	33546747	2021	NoLink
Genome_Med	39138551	2024	NoLink
Genome_Med	23510111	2013	NoLink
Genome_Med	33593430	2021	null NCT01925417 -1 
Genome_Med	22369790	2012	NoLink
Genome_Med	38297291	2024	NoLink
Genome_Med	28539127	2017	NoLink
Genome_Med	38515211	2024	NoLink
Genome_Med	23890051	2013	available http://compbio.sph.harvard.edu/hidelab/pathprint -1 
Genome_Med	27716394	2016	NoLink
Genome_Med	33579330	2021	abstractNotFound
Genome_Med	37641125	2023	NoLink
Genome_Med	27401066	2016	NoLink
Genome_Med	34507604	2021	NoLink
Genome_Med	20923578	2010	NoLink
Genome_Med	25031621	2014	NoLink
Genome_Med	20193047	2010	NoLink
Genome_Med	27137215	2016	NoLink
Genome_Med	36153599	2022	NoLink
Genome_Med	19822024	2009	NoLink
Genome_Med	36266692	2022	NoLink
Genome_Med	24571673	2014	NoLink
Genome_Med	33092630	2020	NoLink
Genome_Med	28118859	2017	NoLink
Genome_Med	34261540	2021	available https://github.com/lanagarmire/DeepProg 301 
Genome_Med	22937864	2012	NoLink
Genome_Med	24373383	2013	NoLink
Genome_Med	20667146	2010	NoLink
Genome_Med	24944583	2014	NoLink
Genome_Med	25276233	2014	NoLink
Genome_Med	19402886	2009	NoLink
Genome_Med	23731665	2013	NoLink
Genome_Med	36869384	2023	NoLink
Genome_Med	25937834	2015	NoLink
Genome_Med	19863770	2009	NoLink
Genome_Med	21255381	2011	NoLink
Genome_Med	35346337	2022	NoLink
Genome_Med	19638187	2009	NoLink
Genome_Med	38082331	2023	NoLink
Genome_Med	25763109	2015	NoLink
Genome_Med	20678185	2010	NoLink
Genome_Med	33054850	2020	NoLink
Genome_Med	37287013	2023	NoLink
Genome_Med	21631906	2011	NoLink
Genome_Med	36380343	2022	NoLink
Genome_Med	29954441	2018	null https://insaflu.insa.pt -1 
Genome_Med	23705665	2013	NoLink
Genome_Med	39232757	2024	NoLink
Genome_Med	37189167	2023	NoLink
Genome_Med	39180058	2024	NoLink
Genome_Med	37507766	2023	NoLink
Genome_Med	36447241	2022	NoLink
Genome_Med	30348214	2018	NoLink
Genome_Med	25621014	2014	NoLink
Genome_Med	34059130	2021	NoLink
Genome_Med	24112718	2013	NoLink
Genome_Med	29703216	2018	NoLink
Genome_Med	23153094	2012	NoLink
Genome_Med	23806069	2013	NoLink
Genome_Med	32460841	2020	NoLink
Genome_Med	28683826	2017	NoLink
Genome_Med	37723590	2023	NoLink
Genome_Med	22494390	2012	NoLink
Genome_Med	31039827	2019	NoLink
Genome_Med	38347632	2024	NoLink
Genome_Med	22113004	2011	NoLink
Genome_Med	33608049	2021	NoLink
Genome_Med	33771188	2021	NoLink
Genome_Med	23017099	2012	NoLink
Genome_Med	29052536	2017	NoLink
Genome_Med	19863771	2009	NoLink
Genome_Med	34517886	2021	NoLink
Genome_Med	20017892	2009	NoLink
Genome_Med	27923400	2016	NoLink
Genome_Med	26229554	2015	NoLink
Genome_Med	29089047	2017	NoLink
Genome_Med	33046129	2020	NoLink
Genome_Med	29378646	2018	NoLink
Genome_Med	19490585	2009	NoLink
Genome_Med	27287230	2016	NoLink
Genome_Med	22364211	2012	NoLink
Genome_Med	27609221	2016	NoLink
Genome_Med	39593114	2024	NoLink
Genome_Med	36404344	2022	NoLink
Genome_Med	36229886	2022	NoLink
Genome_Med	26257827	2015	NoLink
Genome_Med	23363732	2013	NoLink
Genome_Med	33863341	2021	NoLink
Genome_Med	23259685	2012	NoLink
Genome_Med	34749791	2021	NoLink
Genome_Med	32066498	2020	NoLink
Genome_Med	25941542	2015	NoLink
Genome_Med	29132412	2017	NoLink
Genome_Med	35698242	2022	NoLink
Genome_Med	38184646	2024	NoLink
Genome_Med	34225778	2021	abstractNotFound
Genome_Med	20822553	2010	NoLink
Genome_Med	24134832	2013	NoLink
Genome_Med	25991924	2015	NoLink
Genome_Med	21627779	2011	NoLink
Genome_Med	19804612	2009	NoLink
Genome_Med	19439027	2009	NoLink
Genome_Med	28420421	2017	NoLink
Genome_Med	31847917	2019	available https://github.com/cgab-ncc/FIREVAT 301 
Genome_Med	26251673	2015	NoLink
Genome_Med	25587358	2014	NoLink
Genome_Med	30134952	2018	NoLink
Genome_Med	26229552	2015	NoLink
Genome_Med	24963353	2014	NoLink
Genome_Med	27993174	2016	NoLink
Genome_Med	36536472	2022	NoLink
Genome_Med	32345376	2020	abstractNotFound
Genome_Med	35610660	2022	NoLink
Genome_Med	21349139	2011	NoLink
Genome_Med	37525279	2023	NoLink
Genome_Med	28854952	2017	NoLink
Genome_Med	23998943	2013	NoLink
Genome_Med	34321076	2021	NoLink
Genome_Med	29843777	2018	NoLink
Genome_Med	19341503	2009	NoLink
Genome_Med	38049854	2023	NoLink
Genome_Med	38317183	2024	NoLink
Genome_Med	38229148	2024	NoLink
Genome_Med	31133068	2019	NoLink
Genome_Med	37848928	2023	NoLink
Genome_Med	19863773	2009	NoLink
Genome_Med	29880032	2018	NoLink
Genome_Med	33875001	2021	NoLink
Genome_Med	26029266	2015	NoLink
Genome_Med	23311897	2013	NoLink
Genome_Med	19747376	2009	NoLink
Genome_Med	33509269	2021	NoLink
Genome_Med	36038884	2022	NoLink
Genome_Med	32460895	2020	NoLink
Genome_Med	38671509	2024	NoLink
Genome_Med	34376240	2021	NoLink
Genome_Med	23009675	2012	NoLink
Genome_Med	27435222	2016	abstractNotFound
Genome_Med	25473427	2014	NoLink
Genome_Med	19744308	2009	NoLink
Genome_Med	35172877	2022	NoLink
Genome_Med	20156332	2010	NoLink
Genome_Med	22999295	2012	null http://genomemedicine.com/content/4/8/67/abstract 404 
Genome_Med	29665865	2018	NoLink
Genome_Med	28724449	2017	NoLink
Genome_Med	34715901	2021	NoLink
Genome_Med	34271980	2021	NoLink
Genome_Med	39014481	2024	NoLink
Genome_Med	38143269	2023	NoLink
Genome_Med	28756773	2017	abstractNotFound
Genome_Med	32000841	2020	NoLink
Genome_Med	34663427	2021	available https://github.com/GilbertLabUCSF/CanDI 301 
Genome_Med	25484919	2014	NoLink
Genome_Med	20959029	2010	NoLink
Genome_Med	27036109	2016	NoLink
Genome_Med	34479643	2021	NoLink
Genome_Med	33430949	2021	NoLink
Genome_Med	20353544	2010	NoLink
Genome_Med	27142060	2016	NoLink
Genome_Med	28659176	2017	null https://github.com/ikalatskaya/ISOWN 301 
Genome_Med	35264221	2022	NoLink
Genome_Med	21961648	2011	abstractNotFound
Genome_Med	34620218	2021	NoLink
Genome_Med	38745249	2024	abstractNotFound
Genome_Med	30119695	2018	abstractNotFound
Genome_Med	20497596	2010	NoLink
Genome_Med	36085050	2022	NoLink
Genome_Med	21176178	2010	NoLink
Genome_Med	22293136	2012	null http://www.genomemedicine.com/content/3/12/82 301 
Genome_Med	32580750	2020	NoLink
Genome_Med	28615076	2017	NoLink
Genome_Med	34649609	2021	NoLink
Genome_Med	25614766	2015	NoLink
Genome_Med	31221199	2019	NoLink
Genome_Med	27102537	2016	NoLink
Genome_Med	37488639	2023	NoLink
Genome_Med	35948919	2022	null NCT00496795 -1 
Genome_Med	19480644	2009	NoLink
Genome_Med	21067534	2010	NoLink
Genome_Med	25484920	2014	NoLink
Genome_Med	25031616	2014	NoLink
Genome_Med	25505934	2014	pipeline http://lovelace.cs.umn.edu/Ymap/ -1 
Genome_Med	22196450	2011	NoLink
Genome_Med	36514076	2022	NoLink
Genome_Med	33931109	2021	NoLink
Genome_Med	33568205	2021	NoLink
Genome_Med	27056827	2016	NoLink
Genome_Med	26684649	2015	NoLink
Genome_Med	34915914	2021	NoLink
Genome_Med	19638188	2009	NoLink
Genome_Med	22204519	2011	NoLink
Genome_Med	33371892	2020	NoLink
Genome_Med	39187845	2024	NoLink
Genome_Med	38037155	2023	available https://itanlab.shinyapps.io/goflof/ 301 
Genome_Med	NA	2013	abstractNotFound
Genome_Med	22546809	2012	NoLink
Genome_Med	27765068	2016	NoLink
Genome_Med	39252027	2024	NoLink
Genome_Med	31892366	2019	abstractNotFound
Genome_Med	29471863	2018	NoLink
Genome_Med	36510323	2022	NoLink
Genome_Med	28964259	2017	NoLink
Genome_Med	19804611	2009	NoLink
Genome_Med	29793512	2018	NoLink
Genome_Med	35086559	2022	null https://sarscrisprscreens.epi.ufl.edu/ -1 
Genome_Med	24598577	2014	NoLink
Genome_Med	19341493	2009	NoLink
Genome_Med	31039795	2019	NoLink
Genome_Med	26884246	2016	NoLink
Genome_Med	37821946	2023	NoLink
Genome_Med	28592290	2017	NoLink
Genome_Med	31892350	2019	NoLink
Genome_Med	23409739	2013	NoLink
Genome_Med	28595657	2017	null http://shiny.bioinf.wehi.edu.au/freytag.s/ -1 
Genome_Med	21176122	2010	NoLink
Genome_Med	35818068	2022	NoLink
Genome_Med	27007663	2016	NoLink
Genome_Med	25593599	2014	NoLink
Genome_Med	30217226	2018	NoLink
Genome_Med	20831840	2010	NoLink
Genome_Med	30914057	2019	NoLink
Genome_Med	35534852	2022	NoLink
Genome_Med	37221613	2023	NoLink
Genome_Med	34001236	2021	NoLink
Genome_Med	26060510	2015	NoLink
Genome_Med	21542889	2011	NoLink
Genome_Med	30914061	2019	NoLink
Genome_Med	38093364	2023	NoLink
Genome_Med	34266500	2021	NoLink
Genome_Med	27562436	2016	NoLink
Genome_Med	30795816	2019	NoLink
Genome_Med	38331891	2024	NoLink
Genome_Med	28340599	2017	NoLink
Genome_Med	22212486	2011	NoLink
Genome_Med	26596423	2015	NoLink
Genome_Med	37434262	2023	NoLink
Genome_Med	35313970	2022	NoLink
Genome_Med	26521025	2015	NoLink
Genome_Med	25520755	2014	NoLink
Genome_Med	19439031	2009	NoLink
Genome_Med	32087735	2020	NoLink
Genome_Med	23228053	2012	software http://www.bcgsc.ca/platform/bioinfo/software/hlaminer 302 
Genome_Med	38185709	2024	available https://github.com/shenlab-genomics/magpie 301 
Genome_Med	23697740	2013	NoLink
Genome_Med	35209950	2022	available http://gifts.bio-data.cn/ 301 
Genome_Med	27553366	2016	NoLink
Genome_Med	28946923	2017	NoLink
Genome_Med	25473428	2014	NoLink
Genome_Med	22640877	2012	NoLink
Genome_Med	35449030	2022	null NCT04751734 -1 
Genome_Med	22943415	2012	NoLink
Genome_Med	26689196	2015	NoLink
Genome_Med	37932809	2023	NoLink
Genome_Med	34016182	2021	null https://clinicaltrials.gov/ct2/show/NCT01738438 301 
Genome_Med	20587078	2010	NoLink
Genome_Med	38685057	2024	package https://bioconductor.org/packages/ISLET/ 301 
Genome_Med	35761361	2022	NoLink
Genome_Med	29183403	2017	NoLink
Genome_Med	19348691	2009	NoLink
Genome_Med	34321100	2021	available https://dnahive.fda.gov/review/cancercocoputs/ 301 
Genome_Med	37968638	2023	NoLink
Genome_Med	36604748	2023	NoLink
Genome_Med	23199229	2012	null NCT00971724 -1 
Genome_Med	33441124	2021	NoLink
Genome_Med	22546284	2012	NoLink
Genome_Med	23194652	2012	abstractNotFound
Genome_Med	36175932	2022	NoLink
Genome_Med	35227290	2022	NoLink
Genome_Med	34140026	2021	NoLink
Genome_Med	19725933	2009	NoLink
Genome_Med	20587004	2010	NoLink
Genome_Med	27814769	2016	NoLink
Genome_Med	32988402	2020	NoLink
Genome_Med	32791981	2020	NoLink
Genome_Med	21658296	2011	abstractNotFound
Genome_Med	29580275	2018	NoLink
Genome_Med	27553423	2016	NoLink
Genome_Med	34784976	2021	NoLink
Genome_Med	33568196	2021	abstractNotFound
Genome_Med	37592287	2023	NoLink
Genome_Med	34635154	2021	NoLink
Genome_Med	32620143	2020	NoLink
Genome_Med	19769781	2009	NoLink
Genome_Med	32423490	2020	NoLink
Genome_Med	31818324	2019	NoLink
Genome_Med	33536041	2021	NoLink
Genome_Med	29273094	2017	NoLink
Genome_Med	33198820	2020	NoLink
Genome_Med	33198787	2020	NoLink
Genome_Med	36805764	2023	NoLink
Genome_Med	36759885	2023	NoLink
Genome_Med	29254494	2017	NoLink
Genome_Med	21349141	2011	NoLink
Genome_Med	22122801	2011	NoLink
Genome_Med	22429906	2012	NoLink
Genome_Med	32228719	2020	NoLink
Genome_Med	28655327	2017	NoLink
Genome_Med	24373343	2013	null NCT00000611 -1 
Genome_Med	25419236	2014	NoLink
Genome_Med	34127056	2021	NoLink
Genome_Med	26739615	2016	NoLink
Genome_Med	30053915	2018	null ClinicalTrials.gov -1 
Genome_Med	28137280	2017	NoLink
Genome_Med	30660194	2019	software https://sourceforge.net/projects/ciri 301 
Genome_Med	37723522	2023	NoLink
Genome_Med	22112937	2011	NoLink
Genome_Med	38584274	2024	NoLink
Genome_Med	20441603	2010	NoLink
Genome_Med	21457491	2011	NoLink
Genome_Med	29592813	2018	available http://www.cancergenomeinterpreter.org 302 
Genome_Med	19519954	2009	NoLink
Genome_Med	24134796	2013	null http://genomemedicine.com/content/5/10/93 404 
Genome_Med	34702310	2021	NoLink
Genome_Med	21861850	2011	null http://genomebiology.com/2011/12/8/R75 404 
Genome_Med	32690065	2020	NoLink
Genome_Med	19348696	2009	NoLink
Genome_Med	31138334	2019	NoLink
Genome_Med	28545587	2017	NoLink
Genome_Med	38835075	2024	NoLink
Genome_Med	21619627	2011	NoLink
Genome_Med	25593597	2014	NoLink
Genome_Med	29776422	2018	NoLink
Genome_Med	29178946	2017	NoLink
Genome_Med	28438193	2017	code https://github.com/PapenfussLab/PathOS 301 
Genome_Med	20587082	2010	NoLink
Genome_Med	28122645	2017	NoLink
Genome_Med	39187844	2024	NoLink
Genome_Med	31349863	2019	available https://github.com/lrgr/sigma 301 
Genome_Med	39252069	2024	NoLink
Genome_Med	27323951	2016	NoLink
Genome_Med	28228157	2017	NoLink
Genome_Med	36782220	2023	NoLink
Genome_Med	28007036	2016	NoLink
Genome_Med	21542879	2011	NoLink
Genome_Med	22348308	2012	NoLink
Genome_Med	22929582	2012	NoLink
Genome_Med	33317631	2020	null https://github.com/jodyphelan/TBProfiler 301 
Genome_Med	19591665	2009	NoLink
Genome_Med	31253177	2019	NoLink
Genome_Med	26411565	2015	NoLink
Genome_Med	35761418	2022	NoLink
Genome_Med	38031187	2023	NoLink
Genome_Med	22943447	2012	NoLink
Genome_Med	35854342	2022	abstractNotFound
Genome_Med	36384636	2022	NoLink
