BMC_Syst_Biol	24268049	2013	NoLink
BMC_Syst_Biol	21843333	2011	NoLink
BMC_Syst_Biol	22133144	2011	NoLink
BMC_Syst_Biol	25350277	2014	NoLink
BMC_Syst_Biol	22784576	2011	null https://sites.google.com/site/heyaumbioinformatics/home/proteomics 301 
BMC_Syst_Biol	28606124	2017	NoLink
BMC_Syst_Biol	24053712	2013	NoLink
BMC_Syst_Biol	30953530	2019	code https://github.com/sqsun 301 
BMC_Syst_Biol	23409788	2013	NoLink
BMC_Syst_Biol	29166909	2017	NoLink
BMC_Syst_Biol	28155727	2016	available http://nclab.hit.edu.cn/WIS/ -1 
BMC_Syst_Biol	25707855	2015	NoLink
BMC_Syst_Biol	20465796	2010	NoLink
BMC_Syst_Biol	29848314	2018	NoLink
BMC_Syst_Biol	29297371	2017	NoLink
BMC_Syst_Biol	24565108	2013	NoLink
BMC_Syst_Biol	28155671	2016	NoLink
BMC_Syst_Biol	18062810	2007	NoLink
BMC_Syst_Biol	21682905	2011	NoLink
BMC_Syst_Biol	21486441	2011	NoLink
BMC_Syst_Biol	27502771	2016	NoLink
BMC_Syst_Biol	21777427	2011	NoLink
BMC_Syst_Biol	21703006	2011	NoLink
BMC_Syst_Biol	24074340	2013	NoLink
BMC_Syst_Biol	26822482	2016	NoLink
BMC_Syst_Biol	24885656	2014	NoLink
BMC_Syst_Biol	27209279	2016	null http://app.scbit.org/DNetDB/ -1 
BMC_Syst_Biol	21645360	2011	NoLink
BMC_Syst_Biol	28950873	2017	NoLink
BMC_Syst_Biol	26482604	2015	NoLink
BMC_Syst_Biol	23282371	2012	NoLink
BMC_Syst_Biol	20522256	2010	NoLink
BMC_Syst_Biol	27655224	2016	NoLink
BMC_Syst_Biol	29914480	2018	NoLink
BMC_Syst_Biol	28754124	2017	NoLink
BMC_Syst_Biol	NA	2015	NoLink
BMC_Syst_Biol	20507583	2010	NoLink
BMC_Syst_Biol	22583750	2012	NoLink
BMC_Syst_Biol	21406074	2011	NoLink
BMC_Syst_Biol	23146116	2012	NoLink
BMC_Syst_Biol	20356411	2010	NoLink
BMC_Syst_Biol	28155711	2016	NoLink
BMC_Syst_Biol	21595962	2011	NoLink
BMC_Syst_Biol	19619302	2009	NoLink
BMC_Syst_Biol	24088221	2013	NoLink
BMC_Syst_Biol	24564941	2013	NoLink
BMC_Syst_Biol	18237406	2008	NoLink
BMC_Syst_Biol	23281647	2012	NoLink
BMC_Syst_Biol	23856357	2013	NoLink
BMC_Syst_Biol	25628036	2015	NoLink
BMC_Syst_Biol	28984196	2017	NoLink
BMC_Syst_Biol	24564956	2013	null http://compgenomics.utsa.edu/BRCAMoNet/ 301 
BMC_Syst_Biol	25521200	2014	NoLink
BMC_Syst_Biol	22166067	2011	NoLink
BMC_Syst_Biol	25889812	2015	NoLink
BMC_Syst_Biol	20525248	2010	available http://www.itb.cnr.it/breastcancer 301 
BMC_Syst_Biol	25208583	2014	available http://www.ntu.edu.sg/home/zhengjie/data/RecombinationHotspot/NetPipe/ 301 
BMC_Syst_Biol	23171810	2012	NoLink
BMC_Syst_Biol	24006890	2013	NoLink
BMC_Syst_Biol	27585838	2016	NoLink
BMC_Syst_Biol	22784621	2011	download http://digbio.missouri.edu/ComPhy/phyloTreeBiNonBi-1.0.zip 404 
BMC_Syst_Biol	30458828	2018	NoLink
BMC_Syst_Biol	22044664	2011	NoLink
BMC_Syst_Biol	28412970	2017	NoLink
BMC_Syst_Biol	22423977	2012	NoLink
BMC_Syst_Biol	26050708	2015	NoLink
BMC_Syst_Biol	18312613	2008	NoLink
BMC_Syst_Biol	22024416	2011	NoLink
BMC_Syst_Biol	18402676	2008	NoLink
BMC_Syst_Biol	30836973	2019	NoLink
BMC_Syst_Biol	26163265	2015	NoLink
BMC_Syst_Biol	28395655	2017	available https://pdp10.github.io/sbpipe/ 301 
BMC_Syst_Biol	22189154	2011	NoLink
BMC_Syst_Biol	25779920	2014	abstractNotFound
BMC_Syst_Biol	28571567	2017	NoLink
BMC_Syst_Biol	17999763	2007	NoLink
BMC_Syst_Biol	21272352	2011	NoLink
BMC_Syst_Biol	29879983	2018	NoLink
BMC_Syst_Biol	22672814	2012	NoLink
BMC_Syst_Biol	21167036	2010	NoLink
BMC_Syst_Biol	24564972	2013	NoLink
BMC_Syst_Biol	26248853	2015	NoLink
BMC_Syst_Biol	22776140	2012	NoLink
BMC_Syst_Biol	30547796	2018	NoLink
BMC_Syst_Biol	19622164	2009	NoLink
BMC_Syst_Biol	29382384	2018	NoLink
BMC_Syst_Biol	23282090	2012	NoLink
BMC_Syst_Biol	29322929	2017	NoLink
BMC_Syst_Biol	24314153	2013	NoLink
BMC_Syst_Biol	18171472	2008	NoLink
BMC_Syst_Biol	21122111	2010	NoLink
BMC_Syst_Biol	23281744	2012	NoLink
BMC_Syst_Biol	20156358	2010	NoLink
BMC_Syst_Biol	26391452	2015	NoLink
BMC_Syst_Biol	24564919	2013	NoLink
BMC_Syst_Biol	24666724	2014	NoLink
BMC_Syst_Biol	17408508	2007	NoLink
BMC_Syst_Biol	24565017	2013	NoLink
BMC_Syst_Biol	19416539	2009	NoLink
BMC_Syst_Biol	18590547	2008	NoLink
BMC_Syst_Biol	24393148	2014	NoLink
BMC_Syst_Biol	20678200	2010	NoLink
BMC_Syst_Biol	19128449	2009	NoLink
BMC_Syst_Biol	19239683	2009	NoLink
BMC_Syst_Biol	28693620	2017	download http://bim.igmors.u-psud.fr/isips -1 
BMC_Syst_Biol	21861884	2011	null http://www.sb.cs.cmu.edu/CrossSP 301 
BMC_Syst_Biol	23281598	2012	NoLink
BMC_Syst_Biol	29843806	2018	NoLink
BMC_Syst_Biol	25708928	2015	null http://bioinformatics.hitsz.edu.cn/PSSM-DT/ -1 
BMC_Syst_Biol	21554733	2011	NoLink
BMC_Syst_Biol	25409687	2014	NoLink
BMC_Syst_Biol	22871178	2012	NoLink
BMC_Syst_Biol	20704717	2010	NoLink
BMC_Syst_Biol	21933421	2011	NoLink
BMC_Syst_Biol	19400940	2009	NoLink
BMC_Syst_Biol	18671883	2008	NoLink
BMC_Syst_Biol	24564966	2013	NoLink
BMC_Syst_Biol	22784567	2011	null http://sysbio.kribb.re.kr/sigcs -1 
BMC_Syst_Biol	27769238	2016	NoLink
BMC_Syst_Biol	22784570	2011	NoLink
BMC_Syst_Biol	24625351	2013	abstractNotFound
BMC_Syst_Biol	28302111	2017	NoLink
BMC_Syst_Biol	23895213	2013	NoLink
BMC_Syst_Biol	22873350	2012	NoLink
BMC_Syst_Biol	22824380	2012	null http://www.maayanlab.net/S2N 301 
BMC_Syst_Biol	18366769	2008	NoLink
BMC_Syst_Biol	29162114	2017	NoLink
BMC_Syst_Biol	21294924	2011	NoLink
BMC_Syst_Biol	21854586	2011	NoLink
BMC_Syst_Biol	20359356	2010	NoLink
BMC_Syst_Biol	19236711	2009	NoLink
BMC_Syst_Biol	21518445	2011	NoLink
BMC_Syst_Biol	21595952	2011	NoLink
BMC_Syst_Biol	29297335	2017	NoLink
BMC_Syst_Biol	28298218	2017	NoLink
BMC_Syst_Biol	30598090	2018	NoLink
BMC_Syst_Biol	17555602	2007	NoLink
BMC_Syst_Biol	21689474	2011	NoLink
BMC_Syst_Biol	23324116	2013	NoLink
BMC_Syst_Biol	28511648	2017	NoLink
BMC_Syst_Biol	19032789	2008	NoLink
BMC_Syst_Biol	27245161	2016	available http://sysbiobig.dei.unipd.it/ 302 null https://www.ebi.ac.uk/biomodels-main/ 301 
BMC_Syst_Biol	27846901	2016	NoLink
BMC_Syst_Biol	19943917	2009	NoLink
BMC_Syst_Biol	28376782	2017	NoLink
BMC_Syst_Biol	25183062	2014	NoLink
BMC_Syst_Biol	20459825	2010	NoLink
BMC_Syst_Biol	25888718	2015	NoLink
BMC_Syst_Biol	24261908	2013	NoLink
BMC_Syst_Biol	24228871	2013	NoLink
BMC_Syst_Biol	28105947	2016	NoLink
BMC_Syst_Biol	24886436	2014	NoLink
BMC_Syst_Biol	25967891	2015	NoLink
BMC_Syst_Biol	26586157	2015	NoLink
BMC_Syst_Biol	21303545	2011	NoLink
BMC_Syst_Biol	19604360	2009	NoLink
BMC_Syst_Biol	21092101	2010	NoLink
BMC_Syst_Biol	28155685	2016	null http://histone.scse.ntu.edu.sg/Sig2GRN/ -1 
BMC_Syst_Biol	30953507	2019	NoLink
BMC_Syst_Biol	20307315	2010	NoLink
BMC_Syst_Biol	27490697	2016	NoLink
BMC_Syst_Biol	23514624	2013	NoLink
BMC_Syst_Biol	21059252	2010	NoLink
BMC_Syst_Biol	25103914	2014	NoLink
BMC_Syst_Biol	30463553	2018	available https://github.com/jiagenlee/deepUbiquitylation 301 
BMC_Syst_Biol	30642337	2019	NoLink
BMC_Syst_Biol	19321003	2009	NoLink
BMC_Syst_Biol	26152206	2015	NoLink
BMC_Syst_Biol	22784572	2011	null http://meta.usc.edu/softs/lsa -1 
BMC_Syst_Biol	18366780	2008	NoLink
BMC_Syst_Biol	28361677	2017	available http://bclab.inha.ac.kr/RBPbinding 301 
BMC_Syst_Biol	22260237	2012	NoLink
BMC_Syst_Biol	19025648	2008	available http://Bioinformaticsu613.free.fr 200 null http://www.ebi.ac.uk/biomodels/ 301 
BMC_Syst_Biol	19732446	2009	NoLink
BMC_Syst_Biol	20416113	2010	NoLink
BMC_Syst_Biol	19243629	2009	NoLink
BMC_Syst_Biol	25521604	2014	NoLink
BMC_Syst_Biol	25227965	2014	NoLink
BMC_Syst_Biol	23216700	2012	NoLink
BMC_Syst_Biol	21599985	2011	NoLink
BMC_Syst_Biol	26335002	2015	NoLink
BMC_Syst_Biol	27083875	2016	NoLink
BMC_Syst_Biol	23146124	2012	NoLink
BMC_Syst_Biol	22034874	2011	NoLink
BMC_Syst_Biol	26897366	2016	NoLink
BMC_Syst_Biol	29166896	2017	NoLink
BMC_Syst_Biol	21548948	2011	software http://www.cis.jhu.edu/~goutsias/CSSlab/software.html 403 
BMC_Syst_Biol	29914475	2018	NoLink
BMC_Syst_Biol	20302636	2010	NoLink
BMC_Syst_Biol	19038029	2008	NoLink
BMC_Syst_Biol	22784577	2011	NoLink
BMC_Syst_Biol	26452770	2015	NoLink
BMC_Syst_Biol	26666642	2015	NoLink
BMC_Syst_Biol	19105850	2008	NoLink
BMC_Syst_Biol	19171061	2009	NoLink
BMC_Syst_Biol	26050995	2015	NoLink
BMC_Syst_Biol	27363727	2016	NoLink
BMC_Syst_Biol	18808702	2008	NoLink
BMC_Syst_Biol	29322919	2017	NoLink
BMC_Syst_Biol	24974895	2014	NoLink
BMC_Syst_Biol	17408514	2007	NoLink
BMC_Syst_Biol	18039394	2007	NoLink
BMC_Syst_Biol	21324125	2011	NoLink
BMC_Syst_Biol	28241833	2017	NoLink
BMC_Syst_Biol	19416537	2009	NoLink
BMC_Syst_Biol	19426527	2009	NoLink
BMC_Syst_Biol	23965343	2013	NoLink
BMC_Syst_Biol	20840731	2010	NoLink
BMC_Syst_Biol	22172142	2011	NoLink
BMC_Syst_Biol	23281810	2012	NoLink
BMC_Syst_Biol	24555475	2013	NoLink
BMC_Syst_Biol	24099179	2013	NoLink
BMC_Syst_Biol	23829771	2013	NoLink
BMC_Syst_Biol	27490400	2016	NoLink
BMC_Syst_Biol	28984199	2017	NoLink
BMC_Syst_Biol	18828895	2008	NoLink
BMC_Syst_Biol	19091071	2008	NoLink
BMC_Syst_Biol	23282181	2012	available http://h-invitational.jp/hinv/pcdq/ -1 
BMC_Syst_Biol	21194434	2010	available http://function.princeton.edu/arathGraphle 301 
BMC_Syst_Biol	27590055	2016	NoLink
BMC_Syst_Biol	26376630	2015	NoLink
BMC_Syst_Biol	29297337	2017	code http://lab.malab.cn/soft/HPtree/ 200 
BMC_Syst_Biol	24172660	2013	NoLink
BMC_Syst_Biol	22784626	2011	NoLink
BMC_Syst_Biol	22104283	2011	NoLink
BMC_Syst_Biol	23870038	2013	NoLink
BMC_Syst_Biol	25341802	2014	NoLink
BMC_Syst_Biol	20377895	2010	NoLink
BMC_Syst_Biol	20550706	2010	NoLink
BMC_Syst_Biol	21711532	2011	NoLink
BMC_Syst_Biol	26932351	2016	NoLink
BMC_Syst_Biol	24555436	2013	NoLink
BMC_Syst_Biol	25521701	2014	NoLink
BMC_Syst_Biol	21846360	2011	NoLink
BMC_Syst_Biol	29848336	2018	NoLink
BMC_Syst_Biol	21609491	2011	NoLink
BMC_Syst_Biol	23281622	2012	NoLink
BMC_Syst_Biol	25380984	2014	NoLink
BMC_Syst_Biol	29671404	2018	NoLink
BMC_Syst_Biol	18980697	2008	NoLink
BMC_Syst_Biol	23835289	2013	NoLink
BMC_Syst_Biol	24495353	2014	NoLink
BMC_Syst_Biol	30458842	2018	NoLink
BMC_Syst_Biol	29197392	2017	NoLink
BMC_Syst_Biol	18925958	2008	NoLink
BMC_Syst_Biol	29020948	2017	NoLink
BMC_Syst_Biol	21548953	2011	NoLink
BMC_Syst_Biol	24209716	2013	NoLink
BMC_Syst_Biol	20696053	2010	NoLink
BMC_Syst_Biol	25889977	2015	null http://mimoza.bordeaux.inria.fr/ -1 
BMC_Syst_Biol	26515482	2015	NoLink
BMC_Syst_Biol	29745841	2018	NoLink
BMC_Syst_Biol	29258513	2017	NoLink
BMC_Syst_Biol	24565027	2013	NoLink
BMC_Syst_Biol	20346112	2010	NoLink
BMC_Syst_Biol	18447902	2008	NoLink
BMC_Syst_Biol	18447928	2008	NoLink
BMC_Syst_Biol	22204418	2011	NoLink
BMC_Syst_Biol	25409737	2014	NoLink
BMC_Syst_Biol	27229461	2016	NoLink
BMC_Syst_Biol	25495800	2014	NoLink
BMC_Syst_Biol	19737387	2009	NoLink
BMC_Syst_Biol	22784569	2011	NoLink
BMC_Syst_Biol	23895232	2013	NoLink
BMC_Syst_Biol	19728870	2009	NoLink
BMC_Syst_Biol	26589144	2015	NoLink
BMC_Syst_Biol	23497394	2013	NoLink
BMC_Syst_Biol	24565085	2013	NoLink
BMC_Syst_Biol	25350876	2014	NoLink
BMC_Syst_Biol	24138989	2013	NoLink
BMC_Syst_Biol	30836965	2019	available https://fiji.sc/ 301 available https://imagej.net/LSM_Worker 301 null https://github.com/JmanJ/LSM_Worker 301 null http://pixie.bionet.nsc.ru/LSM_WORKER/ -1 
BMC_Syst_Biol	22257493	2012	NoLink
BMC_Syst_Biol	20537143	2010	NoLink
BMC_Syst_Biol	28222737	2017	NoLink
BMC_Syst_Biol	17986347	2007	NoLink
BMC_Syst_Biol	23281936	2012	NoLink
BMC_Syst_Biol	20525212	2010	NoLink
BMC_Syst_Biol	23216785	2012	NoLink
BMC_Syst_Biol	22168595	2011	NoLink
BMC_Syst_Biol	20003240	2009	NoLink
BMC_Syst_Biol	24180697	2013	NoLink
BMC_Syst_Biol	30053887	2018	NoLink
BMC_Syst_Biol	24513114	2014	NoLink
BMC_Syst_Biol	19445715	2009	NoLink
BMC_Syst_Biol	29606139	2018	NoLink
BMC_Syst_Biol	19036127	2008	NoLink
BMC_Syst_Biol	25582171	2015	NoLink
BMC_Syst_Biol	23453054	2013	NoLink
BMC_Syst_Biol	25385554	2014	NoLink
BMC_Syst_Biol	21619617	2011	NoLink
BMC_Syst_Biol	22647244	2012	NoLink
BMC_Syst_Biol	26160520	2015	NoLink
BMC_Syst_Biol	29228953	2017	NoLink
BMC_Syst_Biol	24565417	2013	NoLink
BMC_Syst_Biol	21276275	2011	available http://www.icbi.at/MEMOSys 301 
BMC_Syst_Biol	21851603	2011	NoLink
BMC_Syst_Biol	19014692	2008	NoLink
BMC_Syst_Biol	22051045	2011	NoLink
BMC_Syst_Biol	21545743	2011	NoLink
BMC_Syst_Biol	28193218	2017	NoLink
BMC_Syst_Biol	28361702	2017	NoLink
BMC_Syst_Biol	24093154	2013	NoLink
BMC_Syst_Biol	27846841	2016	NoLink
BMC_Syst_Biol	25708840	2015	NoLink
BMC_Syst_Biol	22034837	2011	NoLink
BMC_Syst_Biol	20809933	2010	NoLink
BMC_Syst_Biol	20184733	2010	NoLink
BMC_Syst_Biol	18261202	2008	NoLink
BMC_Syst_Biol	20698988	2010	download http://www.insysbio.ru -1 
BMC_Syst_Biol	25539928	2014	NoLink
BMC_Syst_Biol	22937810	2012	NoLink
BMC_Syst_Biol	30463546	2018	NoLink
BMC_Syst_Biol	22748295	2012	NoLink
BMC_Syst_Biol	24148309	2013	available https://github.com/slawekj/ennet 301 
BMC_Syst_Biol	22548756	2012	NoLink
BMC_Syst_Biol	20840735	2010	NoLink
BMC_Syst_Biol	23270532	2012	NoLink
BMC_Syst_Biol	21087478	2010	NoLink
BMC_Syst_Biol	19154595	2009	code http://snavi.googlecode.com 404 code http://snavi.googlecode.com/svn/trunk 404 
BMC_Syst_Biol	24564867	2013	available https://github.com/vlcc/HSA 301 
BMC_Syst_Biol	24267866	2013	NoLink
BMC_Syst_Biol	24565174	2013	NoLink
BMC_Syst_Biol	21272295	2011	NoLink
BMC_Syst_Biol	21569391	2011	NoLink
BMC_Syst_Biol	21689479	2011	NoLink
BMC_Syst_Biol	18248680	2008	NoLink
BMC_Syst_Biol	26864072	2016	NoLink
BMC_Syst_Biol	24369052	2013	NoLink
BMC_Syst_Biol	17608928	2007	NoLink
BMC_Syst_Biol	24182195	2013	code http://code.google.com/p/idem/ 301 
BMC_Syst_Biol	23046974	2012	NoLink
BMC_Syst_Biol	30866946	2019	NoLink
BMC_Syst_Biol	22958362	2012	NoLink
BMC_Syst_Biol	22857267	2012	available http://tanglab.engineering.wustl.edu/static/MicrobesFlux.html 301 
BMC_Syst_Biol	24565001	2013	NoLink
BMC_Syst_Biol	19200359	2009	NoLink
BMC_Syst_Biol	21749716	2011	NoLink
BMC_Syst_Biol	23176679	2012	NoLink
BMC_Syst_Biol	25341656	2014	NoLink
BMC_Syst_Biol	26415494	2015	NoLink
BMC_Syst_Biol	26356630	2015	NoLink
BMC_Syst_Biol	24565394	2013	NoLink
BMC_Syst_Biol	19878602	2009	NoLink
BMC_Syst_Biol	24088582	2013	NoLink
BMC_Syst_Biol	22784617	2011	NoLink
BMC_Syst_Biol	24555777	2013	NoLink
BMC_Syst_Biol	22834945	2012	code http://code.google.com/p/condor-copasi/ 301 
BMC_Syst_Biol	26493454	2015	NoLink
BMC_Syst_Biol	24565177	2013	available http://cran.r-project.org/web/packages/ppiPre/ 200 
BMC_Syst_Biol	24321545	2013	NoLink
BMC_Syst_Biol	24067165	2013	NoLink
BMC_Syst_Biol	26048415	2015	NoLink
BMC_Syst_Biol	18466612	2008	NoLink
BMC_Syst_Biol	26377814	2015	NoLink
BMC_Syst_Biol	22236809	2012	NoLink
BMC_Syst_Biol	19531251	2009	NoLink
BMC_Syst_Biol	19497118	2009	NoLink
BMC_Syst_Biol	19146695	2009	NoLink
BMC_Syst_Biol	24237684	2013	NoLink
BMC_Syst_Biol	29560823	2018	NoLink
BMC_Syst_Biol	21375767	2011	NoLink
BMC_Syst_Biol	21995976	2011	NoLink
BMC_Syst_Biol	25539838	2014	NoLink
BMC_Syst_Biol	26642882	2015	NoLink
BMC_Syst_Biol	21819620	2011	NoLink
BMC_Syst_Biol	30634978	2019	NoLink
BMC_Syst_Biol	28209158	2017	NoLink
BMC_Syst_Biol	23822767	2013	NoLink
BMC_Syst_Biol	24176055	2013	NoLink
BMC_Syst_Biol	24708864	2014	NoLink
BMC_Syst_Biol	28950872	2017	NoLink
BMC_Syst_Biol	22289213	2012	null http://f-a-m-e.org/ -1 
BMC_Syst_Biol	24330479	2013	NoLink
BMC_Syst_Biol	18205926	2008	NoLink
BMC_Syst_Biol	24112710	2013	NoLink
BMC_Syst_Biol	20522258	2010	NoLink
BMC_Syst_Biol	28693495	2017	NoLink
BMC_Syst_Biol	23782521	2013	NoLink
BMC_Syst_Biol	27586240	2016	NoLink
BMC_Syst_Biol	28446174	2017	NoLink
BMC_Syst_Biol	20470404	2010	NoLink
BMC_Syst_Biol	26286864	2015	NoLink
BMC_Syst_Biol	20462429	2010	NoLink
BMC_Syst_Biol	22784625	2011	NoLink
BMC_Syst_Biol	29671393	2018	NoLink
BMC_Syst_Biol	21310065	2011	NoLink
BMC_Syst_Biol	23799959	2013	NoLink
BMC_Syst_Biol	22104211	2011	NoLink
BMC_Syst_Biol	24964861	2014	NoLink
BMC_Syst_Biol	20406431	2010	NoLink
BMC_Syst_Biol	25032995	2014	NoLink
BMC_Syst_Biol	23875723	2013	NoLink
BMC_Syst_Biol	19368721	2009	NoLink
BMC_Syst_Biol	20649974	2010	NoLink
BMC_Syst_Biol	28619054	2017	NoLink
BMC_Syst_Biol	20470417	2010	NoLink
BMC_Syst_Biol	24308365	2013	NoLink
BMC_Syst_Biol	29745859	2018	NoLink
BMC_Syst_Biol	28219373	2017	NoLink
BMC_Syst_Biol	30577853	2018	NoLink
BMC_Syst_Biol	30634968	2019	NoLink
BMC_Syst_Biol	18412962	2008	download http://www.genetics.ucla.edu/labs/horvath/aten/NEO -1 
BMC_Syst_Biol	27449670	2016	NoLink
BMC_Syst_Biol	22185482	2011	NoLink
BMC_Syst_Biol	23046607	2012	NoLink
BMC_Syst_Biol	18078503	2007	NoLink
BMC_Syst_Biol	26714638	2015	NoLink
BMC_Syst_Biol	26679379	2015	available https://github.com/chengkun-wu/PWTEES 301 
BMC_Syst_Biol	21668952	2011	NoLink
BMC_Syst_Biol	24725437	2014	NoLink
BMC_Syst_Biol	19284572	2009	NoLink
BMC_Syst_Biol	24565181	2014	NoLink
BMC_Syst_Biol	24428926	2014	NoLink
BMC_Syst_Biol	21605425	2011	NoLink
BMC_Syst_Biol	29197394	2017	NoLink
BMC_Syst_Biol	18796161	2008	NoLink
BMC_Syst_Biol	29843739	2018	NoLink
BMC_Syst_Biol	22225989	2012	NoLink
BMC_Syst_Biol	26666757	2015	available http://lipm-bioinfo.toulouse.inra.fr/flexflux/ 302 
BMC_Syst_Biol	21526989	2011	NoLink
BMC_Syst_Biol	18793442	2008	NoLink
BMC_Syst_Biol	23383610	2013	NoLink
BMC_Syst_Biol	22583698	2012	NoLink
BMC_Syst_Biol	24548346	2014	NoLink
BMC_Syst_Biol	28361708	2017	download http://www.ece.tamu.edu/~bjyoon/SEQUOIA 301 
BMC_Syst_Biol	22433437	2012	NoLink
BMC_Syst_Biol	30598083	2018	available https://github.com/VCCRI/SPAGI/ 301 
BMC_Syst_Biol	28984210	2017	NoLink
BMC_Syst_Biol	22548703	2012	NoLink
BMC_Syst_Biol	27558408	2016	NoLink
BMC_Syst_Biol	26597159	2015	NoLink
BMC_Syst_Biol	26932523	2016	NoLink
BMC_Syst_Biol	22005019	2011	NoLink
BMC_Syst_Biol	28950865	2017	NoLink
BMC_Syst_Biol	24712863	2014	NoLink
BMC_Syst_Biol	29671405	2018	NoLink
BMC_Syst_Biol	21689473	2011	NoLink
BMC_Syst_Biol	23046631	2012	NoLink
BMC_Syst_Biol	30463619	2018	NoLink
BMC_Syst_Biol	27122155	2016	NoLink
BMC_Syst_Biol	20163703	2010	NoLink
BMC_Syst_Biol	22078029	2011	NoLink
BMC_Syst_Biol	24923486	2014	NoLink
BMC_Syst_Biol	29268790	2017	available https://github.com/AndrasHartmann/OptPipe 301 
BMC_Syst_Biol	24565287	2013	NoLink
BMC_Syst_Biol	18294385	2008	NoLink
BMC_Syst_Biol	21899762	2011	NoLink
BMC_Syst_Biol	25204982	2014	NoLink
BMC_Syst_Biol	30953496	2019	available https://github.com/JieZheng-ShanghaiTech/boolean-t2dm 301 
BMC_Syst_Biol	22631437	2012	NoLink
BMC_Syst_Biol	26100720	2015	NoLink
BMC_Syst_Biol	24160255	2013	NoLink
BMC_Syst_Biol	25032889	2014	NoLink
BMC_Syst_Biol	21615967	2011	NoLink
BMC_Syst_Biol	28122551	2017	NoLink
BMC_Syst_Biol	21733158	2011	NoLink
BMC_Syst_Biol	21864340	2011	NoLink
BMC_Syst_Biol	21333004	2011	NoLink
BMC_Syst_Biol	25560196	2014	NoLink
BMC_Syst_Biol	19500399	2009	NoLink
BMC_Syst_Biol	21771307	2011	NoLink
BMC_Syst_Biol	24565053	2013	available http://gmobl.sjtu.edu.cn/PREAL/index.php -1 
BMC_Syst_Biol	18302748	2008	NoLink
BMC_Syst_Biol	21029416	2010	publicly http://www.comp-sys-bio.org/yeastnet/ 200 
BMC_Syst_Biol	19785753	2009	NoLink
BMC_Syst_Biol	17550618	2007	NoLink
BMC_Syst_Biol	30953512	2019	NoLink
BMC_Syst_Biol	21489274	2011	NoLink
BMC_Syst_Biol	28800759	2017	NoLink
BMC_Syst_Biol	20122273	2010	NoLink
BMC_Syst_Biol	28137253	2017	NoLink
BMC_Syst_Biol	21745399	2011	NoLink
BMC_Syst_Biol	24564929	2013	NoLink
BMC_Syst_Biol	18366722	2008	NoLink
BMC_Syst_Biol	24261865	2013	NoLink
BMC_Syst_Biol	19719842	2009	NoLink
BMC_Syst_Biol	21545720	2011	available http://sourceforge.net/projects/dimreduction 301 code http://code.google.com/p/dimreduction/ 301 
BMC_Syst_Biol	24268033	2013	NoLink
BMC_Syst_Biol	26335107	2015	NoLink
BMC_Syst_Biol	20003439	2009	NoLink
BMC_Syst_Biol	22784578	2011	NoLink
BMC_Syst_Biol	30598086	2018	NoLink
BMC_Syst_Biol	20840730	2010	NoLink
BMC_Syst_Biol	24224957	2013	NoLink
BMC_Syst_Biol	23531303	2013	available http://www.theosysbio.bio.ic.ac.uk/ambient -1 
BMC_Syst_Biol	20819218	2010	NoLink
BMC_Syst_Biol	23046614	2012	NoLink
BMC_Syst_Biol	19769791	2009	NoLink
BMC_Syst_Biol	22390191	2012	available http://www.copasi.org 301 
BMC_Syst_Biol	24576339	2014	NoLink
BMC_Syst_Biol	20727158	2010	null http://www.innatedb.com 200 
BMC_Syst_Biol	21878096	2011	NoLink
BMC_Syst_Biol	19615050	2009	NoLink
BMC_Syst_Biol	27542373	2016	NoLink
BMC_Syst_Biol	30866938	2019	abstractNotFound
BMC_Syst_Biol	28155675	2016	NoLink
BMC_Syst_Biol	24565230	2013	NoLink
BMC_Syst_Biol	25521591	2014	NoLink
BMC_Syst_Biol	23803311	2013	application http://www.molgenis.org/c2cards 301 
BMC_Syst_Biol	21426566	2011	null http://www.phys.psu.edu/~ralbert/ESM 301 
BMC_Syst_Biol	22607727	2012	NoLink
BMC_Syst_Biol	22784620	2011	NoLink
BMC_Syst_Biol	30836966	2019	abstractNotFound
BMC_Syst_Biol	30836980	2019	NoLink
BMC_Syst_Biol	22824421	2012	available http://rth.dk/resources/tfmirloop 301 
BMC_Syst_Biol	20102623	2010	NoLink
BMC_Syst_Biol	23282076	2012	NoLink
BMC_Syst_Biol	24528924	2014	NoLink
BMC_Syst_Biol	20929569	2010	null http://tsb.mssm.edu/pathwayPublisher/DC_pathway/DC_pathway_index.html -1 
BMC_Syst_Biol	26168918	2015	NoLink
BMC_Syst_Biol	23281897	2012	NoLink
BMC_Syst_Biol	21269460	2011	NoLink
BMC_Syst_Biol	19055846	2008	NoLink
BMC_Syst_Biol	25881257	2015	available https://github.com/baliga-lab/cmonkey2 301 available http://AitchisonLab.com/BSCM -1 
BMC_Syst_Biol	23758866	2013	NoLink
BMC_Syst_Biol	23046838	2012	NoLink
BMC_Syst_Biol	27543267	2016	NoLink
BMC_Syst_Biol	17854493	2007	NoLink
BMC_Syst_Biol	26818242	2016	NoLink
BMC_Syst_Biol	21208399	2011	NoLink
BMC_Syst_Biol	22067083	2011	NoLink
BMC_Syst_Biol	19822021	2009	NoLink
BMC_Syst_Biol	30463550	2018	NoLink
BMC_Syst_Biol	28583118	2017	NoLink
BMC_Syst_Biol	23140568	2012	tool http://www.vanted.org. 200 
BMC_Syst_Biol	26861122	2016	NoLink
BMC_Syst_Biol	22222070	2012	NoLink
BMC_Syst_Biol	29322934	2017	NoLink
BMC_Syst_Biol	29301573	2018	NoLink
BMC_Syst_Biol	21118483	2010	available http://sourceforge.net/projects/expressence/ 301 
BMC_Syst_Biol	24884665	2014	NoLink
BMC_Syst_Biol	27531214	2016	available http://services.bio.ifi.lmu.de/croco-web 302 
BMC_Syst_Biol	26050661	2015	NoLink
BMC_Syst_Biol	24565082	2013	NoLink
BMC_Syst_Biol	22672776	2012	NoLink
BMC_Syst_Biol	24472305	2014	NoLink
BMC_Syst_Biol	22260221	2012	NoLink
BMC_Syst_Biol	20132548	2010	NoLink
BMC_Syst_Biol	20920245	2010	NoLink
BMC_Syst_Biol	22335938	2012	NoLink
BMC_Syst_Biol	27526774	2016	NoLink
BMC_Syst_Biol	21352556	2011	NoLink
BMC_Syst_Biol	27814699	2016	NoLink
BMC_Syst_Biol	19232131	2009	NoLink
BMC_Syst_Biol	23046815	2012	NoLink
BMC_Syst_Biol	23171476	2012	NoLink
BMC_Syst_Biol	24929807	2014	NoLink
BMC_Syst_Biol	22583800	2012	NoLink
BMC_Syst_Biol	30665415	2019	NoLink
BMC_Syst_Biol	19602261	2009	NoLink
BMC_Syst_Biol	18507829	2008	NoLink
BMC_Syst_Biol	28361699	2017	NoLink
BMC_Syst_Biol	24635915	2014	NoLink
BMC_Syst_Biol	22748204	2012	NoLink
BMC_Syst_Biol	22784615	2011	NoLink
BMC_Syst_Biol	21352558	2011	NoLink
BMC_Syst_Biol	30678688	2019	abstractNotFound
BMC_Syst_Biol	25521507	2014	NoLink
BMC_Syst_Biol	28061857	2017	NoLink
BMC_Syst_Biol	28376924	2017	NoLink
BMC_Syst_Biol	18691435	2008	NoLink
BMC_Syst_Biol	19099550	2008	NoLink
BMC_Syst_Biol	27585722	2016	NoLink
BMC_Syst_Biol	27587087	2016	NoLink
BMC_Syst_Biol	26678566	2015	available http://cosbi3.ee.ncku.edu.tw/yagm/ 404 
BMC_Syst_Biol	25707690	2015	null http://ppi.bioinfo.asia.edu.tw/pathway/ -1 
BMC_Syst_Biol	25304126	2014	NoLink
BMC_Syst_Biol	30253781	2018	NoLink
BMC_Syst_Biol	28754122	2017	null http://www-dssz.informatik.tu-cottbus.de/DSSZ/Software/Snoopy -1 
BMC_Syst_Biol	22784568	2011	NoLink
BMC_Syst_Biol	23171439	2012	NoLink
BMC_Syst_Biol	29073909	2017	NoLink
BMC_Syst_Biol	29745850	2018	NoLink
BMC_Syst_Biol	17408513	2007	NoLink
BMC_Syst_Biol	18031580	2007	null http://www.genetics.ucla.edu/labs/horvath/CoexpressionNetwork/EigengeneNetwork -1 
BMC_Syst_Biol	29745831	2018	NoLink
BMC_Syst_Biol	21962057	2011	NoLink
BMC_Syst_Biol	27558510	2016	NoLink
BMC_Syst_Biol	25779921	2014	available http://metanet.osdd.net -1 
BMC_Syst_Biol	27090530	2016	NoLink
BMC_Syst_Biol	26437964	2015	NoLink
BMC_Syst_Biol	27717349	2016	NoLink
BMC_Syst_Biol	21586150	2011	NoLink
BMC_Syst_Biol	24053676	2013	NoLink
BMC_Syst_Biol	21251315	2011	NoLink
BMC_Syst_Biol	21749723	2011	NoLink
BMC_Syst_Biol	30241537	2018	NoLink
BMC_Syst_Biol	21255466	2011	NoLink
BMC_Syst_Biol	26542228	2015	NoLink
BMC_Syst_Biol	26969117	2016	null https://github.com/SBRG/GEMPro/tree/master/GEMPro_recon/). 301 
BMC_Syst_Biol	30894166	2019	NoLink
BMC_Syst_Biol	21801415	2011	NoLink
BMC_Syst_Biol	26410690	2015	NoLink
BMC_Syst_Biol	25559748	2014	NoLink
BMC_Syst_Biol	20815942	2010	NoLink
BMC_Syst_Biol	22920968	2012	NoLink
BMC_Syst_Biol	30458791	2018	NoLink
BMC_Syst_Biol	17683609	2007	software http://strimmerlab.org/software/genets/ 301 
BMC_Syst_Biol	25231063	2014	NoLink
BMC_Syst_Biol	20819237	2010	NoLink
BMC_Syst_Biol	22920924	2012	NoLink
BMC_Syst_Biol	25000828	2014	NoLink
BMC_Syst_Biol	22024446	2011	code http://www.freescience.org/cs/DENSE/ 301 
BMC_Syst_Biol	24555844	2013	available http://sourceforge.net/projects/pathner/ 301 
BMC_Syst_Biol	22316093	2012	NoLink
BMC_Syst_Biol	27489955	2016	available http://snvsniffer.sourceforge.net 301 
BMC_Syst_Biol	21689483	2011	NoLink
BMC_Syst_Biol	24103777	2013	NoLink
BMC_Syst_Biol	24564846	2013	NoLink
BMC_Syst_Biol	21689469	2011	NoLink
BMC_Syst_Biol	22631053	2012	NoLink
BMC_Syst_Biol	27549154	2016	NoLink
BMC_Syst_Biol	22906315	2012	NoLink
BMC_Syst_Biol	22027258	2011	NoLink
BMC_Syst_Biol	26819062	2016	NoLink
BMC_Syst_Biol	24621294	2014	NoLink
BMC_Syst_Biol	27422148	2016	NoLink
BMC_Syst_Biol	29169395	2017	NoLink
BMC_Syst_Biol	18616835	2008	NoLink
BMC_Syst_Biol	20687942	2010	NoLink
BMC_Syst_Biol	25115450	2014	NoLink
BMC_Syst_Biol	19874610	2009	software http://www.cs.helsinki.fi/group/sysfys/software/retrace/ 301 
BMC_Syst_Biol	24529069	2014	NoLink
BMC_Syst_Biol	23418673	2013	NoLink
BMC_Syst_Biol	29745833	2018	NoLink
BMC_Syst_Biol	22697505	2012	NoLink
BMC_Syst_Biol	18021391	2007	package http://www.kyb.tuebingen.mpg.de/sparselinearmodel 301 
BMC_Syst_Biol	21806811	2011	NoLink
BMC_Syst_Biol	21247470	2011	NoLink
BMC_Syst_Biol	18605994	2008	NoLink
BMC_Syst_Biol	22713133	2012	NoLink
BMC_Syst_Biol	26205660	2015	null http://sblab.celldesigner.org:18080/Payao11/bin/ -1 
BMC_Syst_Biol	29745858	2018	null http://www.nwpu-bioinformatics.com/KF-finder/ -1 
BMC_Syst_Biol	24908109	2014	NoLink
BMC_Syst_Biol	30458775	2018	NoLink
BMC_Syst_Biol	20500862	2010	NoLink
BMC_Syst_Biol	22913808	2012	NoLink
BMC_Syst_Biol	21970676	2011	NoLink
BMC_Syst_Biol	26818802	2016	NoLink
BMC_Syst_Biol	19284618	2009	NoLink
BMC_Syst_Biol	26695483	2015	NoLink
BMC_Syst_Biol	20670417	2010	NoLink
BMC_Syst_Biol	30558589	2018	NoLink
BMC_Syst_Biol	25707321	2015	NoLink
BMC_Syst_Biol	17761000	2007	NoLink
BMC_Syst_Biol	30953534	2019	NoLink
BMC_Syst_Biol	18312618	2008	NoLink
BMC_Syst_Biol	20420713	2010	NoLink
BMC_Syst_Biol	19698179	2009	NoLink
BMC_Syst_Biol	21129191	2010	NoLink
BMC_Syst_Biol	18215292	2008	NoLink
BMC_Syst_Biol	20630077	2010	NoLink
BMC_Syst_Biol	19754970	2009	NoLink
BMC_Syst_Biol	24172336	2013	NoLink
BMC_Syst_Biol	22607742	2012	NoLink
BMC_Syst_Biol	26391647	2015	NoLink
BMC_Syst_Biol	29178887	2017	NoLink
BMC_Syst_Biol	30665399	2019	NoLink
BMC_Syst_Biol	20716335	2010	NoLink
BMC_Syst_Biol	21624115	2011	NoLink
BMC_Syst_Biol	25440773	2014	null http://mudi.modelchecking.org -1 
BMC_Syst_Biol	29907104	2018	NoLink
BMC_Syst_Biol	23497449	2013	null http://ophid.utoronto.ca/gap 302 
BMC_Syst_Biol	26817819	2016	NoLink
BMC_Syst_Biol	26449665	2015	NoLink
BMC_Syst_Biol	23945349	2013	NoLink
BMC_Syst_Biol	23280066	2013	NoLink
BMC_Syst_Biol	21167049	2010	NoLink
BMC_Syst_Biol	23675896	2013	NoLink
BMC_Syst_Biol	19128495	2009	NoLink
BMC_Syst_Biol	22784618	2011	NoLink
BMC_Syst_Biol	26356485	2015	NoLink
BMC_Syst_Biol	22713172	2012	NoLink
BMC_Syst_Biol	18840283	2008	NoLink
BMC_Syst_Biol	18237403	2008	NoLink
BMC_Syst_Biol	22909053	2012	NoLink
BMC_Syst_Biol	20587024	2010	null http://www.ebi.ac.uk/biomodels/ 301 available https://sourceforge.net/projects/biomodels/ 301 
BMC_Syst_Biol	22409965	2012	NoLink
BMC_Syst_Biol	19740440	2009	NoLink
BMC_Syst_Biol	24576332	2014	software http://bioinformatics.ua.pt/software/oralint 302 
BMC_Syst_Biol	29017496	2017	NoLink
BMC_Syst_Biol	21453460	2011	NoLink
BMC_Syst_Biol	28122561	2017	NoLink
BMC_Syst_Biol	23228038	2012	NoLink
BMC_Syst_Biol	24565437	2013	available http://www.msu.edu/~jinchen/HPGA 301 
BMC_Syst_Biol	19615063	2009	NoLink
BMC_Syst_Biol	23101584	2012	NoLink
BMC_Syst_Biol	19257878	2009	NoLink
BMC_Syst_Biol	20406493	2010	NoLink
BMC_Syst_Biol	22676814	2012	NoLink
BMC_Syst_Biol	29898718	2018	NoLink
BMC_Syst_Biol	27490268	2016	NoLink
BMC_Syst_Biol	21989196	2011	NoLink
BMC_Syst_Biol	21595919	2011	NoLink
BMC_Syst_Biol	24565218	2013	NoLink
BMC_Syst_Biol	25521415	2014	NoLink
BMC_Syst_Biol	22784627	2011	NoLink
BMC_Syst_Biol	30547775	2018	NoLink
BMC_Syst_Biol	20211003	2010	NoLink
BMC_Syst_Biol	26818902	2016	NoLink
BMC_Syst_Biol	19497128	2009	available http://www.leishcyc.org -1 
BMC_Syst_Biol	17892579	2007	NoLink
BMC_Syst_Biol	21689478	2011	NoLink
BMC_Syst_Biol	24393197	2014	NoLink
BMC_Syst_Biol	26356316	2015	NoLink
BMC_Syst_Biol	22074569	2011	NoLink
BMC_Syst_Biol	18973705	2008	NoLink
BMC_Syst_Biol	21194489	2011	NoLink
BMC_Syst_Biol	22436240	2012	NoLink
BMC_Syst_Biol	23809412	2013	NoLink
BMC_Syst_Biol	24267921	2013	NoLink
BMC_Syst_Biol	18028551	2007	NoLink
BMC_Syst_Biol	23282096	2012	NoLink
BMC_Syst_Biol	19014554	2008	NoLink
BMC_Syst_Biol	30953498	2019	code https://github.com/VCCRI/FlowGrid 301 
BMC_Syst_Biol	20584338	2010	null http://www.glycoconjugate.jp/functions/ -1 
BMC_Syst_Biol	22029623	2011	NoLink
BMC_Syst_Biol	20565893	2010	NoLink
BMC_Syst_Biol	22898356	2012	NoLink
BMC_Syst_Biol	28361711	2017	NoLink
BMC_Syst_Biol	30342519	2018	NoLink
BMC_Syst_Biol	21619705	2011	NoLink
BMC_Syst_Biol	22765014	2012	NoLink
BMC_Syst_Biol	24618419	2014	NoLink
BMC_Syst_Biol	22784614	2011	NoLink
BMC_Syst_Biol	24378036	2013	NoLink
BMC_Syst_Biol	18194531	2008	NoLink
BMC_Syst_Biol	29745845	2018	NoLink
BMC_Syst_Biol	30458763	2018	NoLink
BMC_Syst_Biol	21627852	2011	NoLink
BMC_Syst_Biol	23046677	2012	NoLink
BMC_Syst_Biol	17493283	2007	abstractNotFound
BMC_Syst_Biol	24564939	2013	NoLink
BMC_Syst_Biol	25540094	2014	NoLink
BMC_Syst_Biol	20196855	2010	NoLink
BMC_Syst_Biol	23587292	2013	NoLink
BMC_Syst_Biol	21569493	2011	NoLink
BMC_Syst_Biol	30577835	2018	NoLink
BMC_Syst_Biol	19772631	2009	NoLink
BMC_Syst_Biol	21791051	2011	NoLink
BMC_Syst_Biol	24555498	2014	NoLink
BMC_Syst_Biol	24438364	2014	NoLink
BMC_Syst_Biol	28103880	2017	NoLink
BMC_Syst_Biol	25055984	2014	software http://www.cbil.ece.vt.edu/software.htm -1 
BMC_Syst_Biol	25394904	2014	NoLink
BMC_Syst_Biol	21689468	2011	NoLink
BMC_Syst_Biol	20426835	2010	NoLink
BMC_Syst_Biol	29589566	2018	NoLink
BMC_Syst_Biol	23281592	2012	NoLink
BMC_Syst_Biol	20840728	2010	NoLink
BMC_Syst_Biol	20673354	2010	NoLink
BMC_Syst_Biol	29890970	2018	NoLink
BMC_Syst_Biol	30453938	2018	abstractNotFound
BMC_Syst_Biol	25279447	2014	NoLink
BMC_Syst_Biol	30808366	2019	NoLink
BMC_Syst_Biol	31405372	2019	abstractNotFound
BMC_Syst_Biol	23234303	2012	NoLink
BMC_Syst_Biol	21923952	2011	NoLink
BMC_Syst_Biol	25315877	2014	NoLink
BMC_Syst_Biol	27770812	2016	NoLink
BMC_Syst_Biol	30670065	2019	abstractNotFound
BMC_Syst_Biol	23050836	2012	NoLink
BMC_Syst_Biol	25123231	2014	NoLink
BMC_Syst_Biol	25522186	2014	NoLink
BMC_Syst_Biol	22472172	2012	NoLink
BMC_Syst_Biol	24576337	2014	NoLink
BMC_Syst_Biol	17559646	2007	NoLink
BMC_Syst_Biol	26209979	2015	NoLink
BMC_Syst_Biol	21586168	2011	NoLink
BMC_Syst_Biol	26576534	2015	NoLink
BMC_Syst_Biol	23241383	2012	NoLink
BMC_Syst_Biol	29560826	2018	software http://bibs.snu.ac.kr/software/gxgrare -1 
BMC_Syst_Biol	23046491	2012	NoLink
BMC_Syst_Biol	29699591	2018	NoLink
BMC_Syst_Biol	18957106	2008	NoLink
BMC_Syst_Biol	28284215	2017	NoLink
BMC_Syst_Biol	23433509	2013	NoLink
BMC_Syst_Biol	20226033	2010	NoLink
BMC_Syst_Biol	20525287	2010	NoLink
BMC_Syst_Biol	18477391	2008	NoLink
BMC_Syst_Biol	18498649	2008	NoLink
BMC_Syst_Biol	28446158	2017	NoLink
BMC_Syst_Biol	29187214	2017	NoLink
BMC_Syst_Biol	23331499	2013	null http://SignaLink.org 200 
BMC_Syst_Biol	23320651	2013	NoLink
BMC_Syst_Biol	21291535	2011	NoLink
BMC_Syst_Biol	19309513	2009	NoLink
BMC_Syst_Biol	30953559	2019	NoLink
BMC_Syst_Biol	24564959	2013	null http://140.116.235.124/~tliu/omacc -1 
BMC_Syst_Biol	29560831	2018	NoLink
BMC_Syst_Biol	19903354	2009	NoLink
BMC_Syst_Biol	20199667	2010	NoLink
BMC_Syst_Biol	30634957	2019	available https://github.com/SysBioChalmers/SLIMEr 301 
BMC_Syst_Biol	30547817	2018	NoLink
BMC_Syst_Biol	23282239	2012	NoLink
BMC_Syst_Biol	22979947	2012	NoLink
BMC_Syst_Biol	29322923	2017	NoLink
BMC_Syst_Biol	28403906	2017	null https://github.com/juanbot/km2gcn 301 
BMC_Syst_Biol	19144174	2009	NoLink
BMC_Syst_Biol	22074594	2011	NoLink
BMC_Syst_Biol	28361714	2017	NoLink
BMC_Syst_Biol	20181238	2010	NoLink
BMC_Syst_Biol	19732421	2009	NoLink
BMC_Syst_Biol	17408506	2007	NoLink
BMC_Syst_Biol	24927772	2014	NoLink
BMC_Syst_Biol	27587275	2016	NoLink
BMC_Syst_Biol	24929653	2014	NoLink
BMC_Syst_Biol	20356371	2010	NoLink
BMC_Syst_Biol	23899119	2013	NoLink
BMC_Syst_Biol	22734688	2012	NoLink
BMC_Syst_Biol	25605374	2014	NoLink
BMC_Syst_Biol	21190544	2010	NoLink
BMC_Syst_Biol	24564989	2013	NoLink
BMC_Syst_Biol	22929591	2012	NoLink
BMC_Syst_Biol	19646223	2009	NoLink
BMC_Syst_Biol	21867514	2011	NoLink
BMC_Syst_Biol	29745842	2018	NoLink
BMC_Syst_Biol	20977725	2010	NoLink
BMC_Syst_Biol	30577731	2018	NoLink
BMC_Syst_Biol	21342507	2011	NoLink
BMC_Syst_Biol	19413912	2009	NoLink
BMC_Syst_Biol	23281615	2012	NoLink
BMC_Syst_Biol	22691535	2012	NoLink
BMC_Syst_Biol	24006914	2013	NoLink
BMC_Syst_Biol	25707987	2015	NoLink
BMC_Syst_Biol	30257679	2018	NoLink
BMC_Syst_Biol	23046817	2012	NoLink
BMC_Syst_Biol	24565120	2013	NoLink
BMC_Syst_Biol	23331521	2013	NoLink
BMC_Syst_Biol	26050594	2015	NoLink
BMC_Syst_Biol	24397936	2014	NoLink
BMC_Syst_Biol	21362203	2011	NoLink
BMC_Syst_Biol	30577732	2018	NoLink
BMC_Syst_Biol	23705851	2013	download https://www.ebi.ac.uk/biomodels-main 301 download https://github.com/graham1034/Smith2012_insulin_signalling 301 
BMC_Syst_Biol	23742268	2013	NoLink
BMC_Syst_Biol	22694839	2012	NoLink
BMC_Syst_Biol	24330501	2013	NoLink
BMC_Syst_Biol	30894171	2019	NoLink
BMC_Syst_Biol	23216813	2012	NoLink
BMC_Syst_Biol	23618467	2013	NoLink
BMC_Syst_Biol	30651095	2019	NoLink
BMC_Syst_Biol	17408500	2007	NoLink
BMC_Syst_Biol	20920363	2010	NoLink
BMC_Syst_Biol	20633292	2010	NoLink
BMC_Syst_Biol	29322938	2017	null http://csb.cse.yzu.edu.tw/MDDCarb/ -1 
BMC_Syst_Biol	25559499	2014	NoLink
BMC_Syst_Biol	24350678	2013	NoLink
BMC_Syst_Biol	21619639	2011	NoLink
BMC_Syst_Biol	28155714	2016	null http://server.malab.cn/preTata/ -1 
BMC_Syst_Biol	23281681	2012	NoLink
BMC_Syst_Biol	24555803	2013	NoLink
BMC_Syst_Biol	20925932	2010	NoLink
BMC_Syst_Biol	19607706	2009	NoLink
BMC_Syst_Biol	22703714	2012	NoLink
BMC_Syst_Biol	26310492	2015	NoLink
BMC_Syst_Biol	30373594	2018	NoLink
BMC_Syst_Biol	18601736	2008	NoLink
BMC_Syst_Biol	24196194	2013	NoLink
BMC_Syst_Biol	21955788	2011	NoLink
BMC_Syst_Biol	30577836	2018	available https://github.com/ChenLabGCCRI/scdNet 301 
BMC_Syst_Biol	23837526	2013	NoLink
BMC_Syst_Biol	20712863	2010	NoLink
BMC_Syst_Biol	22920937	2012	NoLink
BMC_Syst_Biol	21978764	2011	NoLink
BMC_Syst_Biol	19292901	2009	NoLink
BMC_Syst_Biol	19531207	2009	NoLink
BMC_Syst_Biol	29560821	2018	NoLink
BMC_Syst_Biol	22967854	2012	NoLink
BMC_Syst_Biol	26576632	2015	NoLink
BMC_Syst_Biol	25349902	2014	NoLink
BMC_Syst_Biol	29560825	2018	NoLink
BMC_Syst_Biol	26259567	2015	NoLink
BMC_Syst_Biol	24200043	2013	NoLink
BMC_Syst_Biol	25599599	2015	NoLink
BMC_Syst_Biol	30086736	2018	NoLink
BMC_Syst_Biol	25315994	2014	NoLink
BMC_Syst_Biol	24507415	2014	NoLink
BMC_Syst_Biol	29246163	2017	NoLink
BMC_Syst_Biol	24521303	2013	NoLink
BMC_Syst_Biol	21867520	2011	NoLink
BMC_Syst_Biol	29650016	2018	available github.com/binfalse/BiVeS-StatsGenerator -1 null hub.docker.com/r/binfalse/bives-statsgenerator -1 null most.bio.informatik.uni-rostock.de -1 
BMC_Syst_Biol	22784616	2011	NoLink
BMC_Syst_Biol	17672894	2007	NoLink
BMC_Syst_Biol	27576572	2016	NoLink
BMC_Syst_Biol	18700030	2008	NoLink
BMC_Syst_Biol	20233407	2010	NoLink
BMC_Syst_Biol	23433609	2013	NoLink
BMC_Syst_Biol	23965312	2013	NoLink
BMC_Syst_Biol	19154620	2009	NoLink
BMC_Syst_Biol	23009214	2012	NoLink
BMC_Syst_Biol	23631506	2013	NoLink
BMC_Syst_Biol	23880086	2013	NoLink
BMC_Syst_Biol	26275400	2015	NoLink
BMC_Syst_Biol	29622038	2018	NoLink
BMC_Syst_Biol	25115504	2014	NoLink
BMC_Syst_Biol	25350788	2014	NoLink
BMC_Syst_Biol	20815892	2010	NoLink
BMC_Syst_Biol	27846853	2016	NoLink
BMC_Syst_Biol	20385029	2010	NoLink
BMC_Syst_Biol	23281712	2012	NoLink
BMC_Syst_Biol	22041191	2011	NoLink
BMC_Syst_Biol	19917103	2009	NoLink
BMC_Syst_Biol	21073694	2010	NoLink
BMC_Syst_Biol	27899149	2016	NoLink
BMC_Syst_Biol	24555518	2014	NoLink
BMC_Syst_Biol	29322928	2017	NoLink
BMC_Syst_Biol	22413876	2012	NoLink
BMC_Syst_Biol	24565366	2013	NoLink
BMC_Syst_Biol	19386091	2009	NoLink
BMC_Syst_Biol	21959018	2011	NoLink
BMC_Syst_Biol	24993133	2014	NoLink
BMC_Syst_Biol	28724377	2017	NoLink
BMC_Syst_Biol	18248678	2008	NoLink
BMC_Syst_Biol	30463558	2018	NoLink
BMC_Syst_Biol	18248675	2008	NoLink
BMC_Syst_Biol	30577793	2018	NoLink
BMC_Syst_Biol	25559943	2014	software http://mlg.hit.edu.cn:8082/ -1 
BMC_Syst_Biol	21689475	2011	NoLink
BMC_Syst_Biol	20522253	2010	tool http://bioinfo.ggc.org/bindn+/ -1 
BMC_Syst_Biol	21118520	2010	NoLink
BMC_Syst_Biol	26679516	2015	NoLink
BMC_Syst_Biol	29745852	2018	NoLink
BMC_Syst_Biol	28209199	2017	NoLink
BMC_Syst_Biol	23046740	2012	NoLink
BMC_Syst_Biol	27599566	2016	NoLink
BMC_Syst_Biol	29212542	2017	NoLink
BMC_Syst_Biol	26818725	2016	NoLink
BMC_Syst_Biol	24576330	2014	NoLink
BMC_Syst_Biol	29499714	2018	NoLink
BMC_Syst_Biol	23895181	2013	NoLink
BMC_Syst_Biol	28155676	2016	NoLink
BMC_Syst_Biol	23339423	2013	software http://www.picb.ac.cn/ClinicalGenomicNTW/software.html -1 
BMC_Syst_Biol	25466481	2014	NoLink
BMC_Syst_Biol	24565229	2014	NoLink
BMC_Syst_Biol	20704761	2010	NoLink
BMC_Syst_Biol	22863152	2012	NoLink
BMC_Syst_Biol	29745840	2018	NoLink
BMC_Syst_Biol	22937776	2012	NoLink
BMC_Syst_Biol	30577873	2018	NoLink
BMC_Syst_Biol	17996096	2007	NoLink
BMC_Syst_Biol	24565335	2014	NoLink
BMC_Syst_Biol	19226461	2009	NoLink
BMC_Syst_Biol	20959003	2010	NoLink
BMC_Syst_Biol	25033091	2014	NoLink
BMC_Syst_Biol	27005698	2016	NoLink
BMC_Syst_Biol	29237467	2017	NoLink
BMC_Syst_Biol	24564909	2013	NoLink
BMC_Syst_Biol	30577840	2018	NoLink
BMC_Syst_Biol	22405054	2012	NoLink
BMC_Syst_Biol	23282161	2012	NoLink
BMC_Syst_Biol	20478067	2010	NoLink
BMC_Syst_Biol	18416837	2008	NoLink
BMC_Syst_Biol	25605483	2014	NoLink
BMC_Syst_Biol	18652669	2008	NoLink
BMC_Syst_Biol	22070889	2011	NoLink
BMC_Syst_Biol	21943387	2011	NoLink
BMC_Syst_Biol	30819150	2019	NoLink
BMC_Syst_Biol	20840726	2010	NoLink
BMC_Syst_Biol	19267928	2009	NoLink
BMC_Syst_Biol	25128194	2014	NoLink
BMC_Syst_Biol	22937832	2012	NoLink
BMC_Syst_Biol	27296452	2016	NoLink
BMC_Syst_Biol	19558649	2009	NoLink
BMC_Syst_Biol	25522063	2014	NoLink
BMC_Syst_Biol	26589287	2015	NoLink
BMC_Syst_Biol	23448228	2013	NoLink
BMC_Syst_Biol	23531321	2013	NoLink
BMC_Syst_Biol	19698148	2009	NoLink
BMC_Syst_Biol	22051105	2011	NoLink
BMC_Syst_Biol	22647208	2012	null http://alzpathway.org/ 200 
BMC_Syst_Biol	30598085	2018	NoLink
BMC_Syst_Biol	27098278	2016	NoLink
BMC_Syst_Biol	26100579	2015	NoLink
BMC_Syst_Biol	18433497	2008	NoLink
BMC_Syst_Biol	24886323	2014	NoLink
BMC_Syst_Biol	22932283	2012	NoLink
BMC_Syst_Biol	29745860	2018	NoLink
BMC_Syst_Biol	24112686	2013	NoLink
BMC_Syst_Biol	29560824	2018	NoLink
BMC_Syst_Biol	24961498	2014	NoLink
BMC_Syst_Biol	21762503	2011	NoLink
BMC_Syst_Biol	21702926	2011	NoLink
BMC_Syst_Biol	29671395	2018	available http://hkumath.hku.hk/~wkc/APBC2018-metabolic-network.zip 302 
BMC_Syst_Biol	21410932	2011	NoLink
BMC_Syst_Biol	20649971	2010	NoLink
BMC_Syst_Biol	29589564	2018	NoLink
BMC_Syst_Biol	22548745	2012	NoLink
BMC_Syst_Biol	19171037	2009	NoLink
BMC_Syst_Biol	30630470	2019	NoLink
BMC_Syst_Biol	28347313	2017	NoLink
BMC_Syst_Biol	29671396	2018	NoLink
BMC_Syst_Biol	20731870	2010	NoLink
BMC_Syst_Biol	22583770	2012	NoLink
BMC_Syst_Biol	22727185	2012	available http://www.urdme.org 302 
BMC_Syst_Biol	29157246	2017	NoLink
BMC_Syst_Biol	20525321	2010	NoLink
BMC_Syst_Biol	25539592	2014	NoLink
BMC_Syst_Biol	25403319	2014	NoLink
BMC_Syst_Biol	23883471	2013	NoLink
BMC_Syst_Biol	19298671	2009	NoLink
BMC_Syst_Biol	29745856	2018	available http://server.malab.cn/70ProPred/ -1 
BMC_Syst_Biol	19660129	2009	NoLink
BMC_Syst_Biol	21689476	2011	NoLink
BMC_Syst_Biol	23046569	2012	NoLink
BMC_Syst_Biol	26040458	2015	NoLink
BMC_Syst_Biol	21794172	2011	NoLink
BMC_Syst_Biol	30696429	2019	NoLink
BMC_Syst_Biol	25708164	2015	NoLink
BMC_Syst_Biol	20219114	2010	NoLink
BMC_Syst_Biol	24565050	2013	NoLink
BMC_Syst_Biol	28841879	2017	NoLink
BMC_Syst_Biol	26377923	2015	NoLink
BMC_Syst_Biol	28298210	2017	available https://cran.r-project.org/web/packages/VertexSort/index.html 200 
BMC_Syst_Biol	23805903	2013	NoLink
BMC_Syst_Biol	25200251	2014	NoLink
BMC_Syst_Biol	28950861	2017	available http://github.com/wulingyun/CopTea/ 301 
BMC_Syst_Biol	28105955	2016	NoLink
BMC_Syst_Biol	23017186	2012	NoLink
BMC_Syst_Biol	29221460	2017	NoLink
BMC_Syst_Biol	18564419	2008	NoLink
BMC_Syst_Biol	25032480	2014	NoLink
BMC_Syst_Biol	21504591	2011	NoLink
BMC_Syst_Biol	26968798	2016	NoLink
BMC_Syst_Biol	20950417	2010	NoLink
BMC_Syst_Biol	20576110	2010	NoLink
BMC_Syst_Biol	26112042	2015	NoLink
BMC_Syst_Biol	21385333	2011	NoLink
BMC_Syst_Biol	27490822	2016	NoLink
BMC_Syst_Biol	19772572	2009	NoLink
BMC_Syst_Biol	20459599	2010	NoLink
BMC_Syst_Biol	20334652	2010	NoLink
BMC_Syst_Biol	28361705	2017	NoLink
BMC_Syst_Biol	25217033	2014	NoLink
BMC_Syst_Biol	18549508	2008	NoLink
BMC_Syst_Biol	26935321	2016	abstractNotFound
BMC_Syst_Biol	23895261	2013	NoLink
BMC_Syst_Biol	21569396	2011	NoLink
BMC_Syst_Biol	29322927	2017	NoLink
BMC_Syst_Biol	18318890	2008	NoLink
BMC_Syst_Biol	27585558	2016	NoLink
BMC_Syst_Biol	23938102	2013	null http://sbi.pdti.kmutt.ac.th/?page_id=33 -1 
BMC_Syst_Biol	20438628	2010	NoLink
BMC_Syst_Biol	23826972	2013	NoLink
BMC_Syst_Biol	28629365	2017	available https://github.com/wyguo/RLowPC 301 
BMC_Syst_Biol	26797294	2016	NoLink
BMC_Syst_Biol	26319399	2015	abstractNotFound
BMC_Syst_Biol	24564976	2013	NoLink
BMC_Syst_Biol	26573537	2015	NoLink
BMC_Syst_Biol	26597226	2015	NoLink
BMC_Syst_Biol	27502923	2016	NoLink
BMC_Syst_Biol	28235404	2017	NoLink
BMC_Syst_Biol	28984192	2017	NoLink
BMC_Syst_Biol	23282116	2012	NoLink
BMC_Syst_Biol	22034949	2011	NoLink
BMC_Syst_Biol	26847699	2016	NoLink
BMC_Syst_Biol	21092312	2010	NoLink
BMC_Syst_Biol	20863397	2010	NoLink
BMC_Syst_Biol	27765040	2016	NoLink
BMC_Syst_Biol	21929795	2011	NoLink
BMC_Syst_Biol	19171064	2009	NoLink
BMC_Syst_Biol	25123169	2014	NoLink
BMC_Syst_Biol	24565048	2013	NoLink
BMC_Syst_Biol	28361679	2017	NoLink
BMC_Syst_Biol	17437647	2007	NoLink
BMC_Syst_Biol	23068602	2012	NoLink
BMC_Syst_Biol	30016951	2018	NoLink
BMC_Syst_Biol	22805626	2012	NoLink
BMC_Syst_Biol	24939084	2014	NoLink
BMC_Syst_Biol	25217974	2014	NoLink
BMC_Syst_Biol	19149897	2009	NoLink
BMC_Syst_Biol	21219666	2011	NoLink
BMC_Syst_Biol	24580844	2014	NoLink
BMC_Syst_Biol	26044620	2015	NoLink
BMC_Syst_Biol	20701766	2010	NoLink
BMC_Syst_Biol	20302627	2010	NoLink
BMC_Syst_Biol	27401090	2016	NoLink
BMC_Syst_Biol	19356237	2009	NoLink
BMC_Syst_Biol	22176772	2011	NoLink
BMC_Syst_Biol	19735554	2009	NoLink
BMC_Syst_Biol	21406095	2011	NoLink
BMC_Syst_Biol	21266075	2011	NoLink
BMC_Syst_Biol	24565409	2013	NoLink
BMC_Syst_Biol	30836998	2019	NoLink
BMC_Syst_Biol	18945372	2008	NoLink
BMC_Syst_Biol	23324134	2013	NoLink
BMC_Syst_Biol	20624280	2010	NoLink
BMC_Syst_Biol	23631471	2013	NoLink
BMC_Syst_Biol	21689472	2011	NoLink
BMC_Syst_Biol	20184777	2010	NoLink
BMC_Syst_Biol	29322917	2017	NoLink
BMC_Syst_Biol	29029622	2017	NoLink
BMC_Syst_Biol	22898396	2012	NoLink
BMC_Syst_Biol	30458802	2018	available http://biograph.pa.icar.cnr.it -1 available https://github.com/IcarPA-TBlab/BioGraph 301 
BMC_Syst_Biol	24884746	2014	NoLink
BMC_Syst_Biol	17939860	2007	NoLink
BMC_Syst_Biol	29914471	2018	NoLink
BMC_Syst_Biol	23046715	2012	NoLink
BMC_Syst_Biol	21114830	2010	NoLink
BMC_Syst_Biol	25248337	2014	NoLink
BMC_Syst_Biol	26050794	2015	NoLink
BMC_Syst_Biol	21639889	2011	NoLink
BMC_Syst_Biol	26818594	2016	NoLink
BMC_Syst_Biol	22409942	2012	NoLink
BMC_Syst_Biol	24565025	2014	available http://www.msu.edu/~jinchen/mTRIM 301 
BMC_Syst_Biol	30598093	2018	NoLink
BMC_Syst_Biol	21342508	2011	NoLink
BMC_Syst_Biol	22651900	2012	NoLink
BMC_Syst_Biol	18237429	2008	NoLink
BMC_Syst_Biol	18570646	2008	NoLink
BMC_Syst_Biol	28105958	2016	NoLink
BMC_Syst_Biol	25884368	2015	NoLink
BMC_Syst_Biol	20840732	2010	NoLink
BMC_Syst_Biol	21920040	2011	NoLink
BMC_Syst_Biol	23282040	2012	NoLink
BMC_Syst_Biol	22034917	2011	NoLink
BMC_Syst_Biol	21702910	2011	NoLink
BMC_Syst_Biol	30045727	2018	NoLink
BMC_Syst_Biol	22682214	2012	NoLink
BMC_Syst_Biol	18439260	2008	NoLink
BMC_Syst_Biol	19527511	2009	NoLink
BMC_Syst_Biol	20828418	2010	NoLink
BMC_Syst_Biol	22591686	2012	NoLink
BMC_Syst_Biol	22846459	2012	null http://hint.yulab.org 301 
BMC_Syst_Biol	20969803	2010	NoLink
BMC_Syst_Biol	22691419	2012	NoLink
BMC_Syst_Biol	21756365	2011	NoLink
BMC_Syst_Biol	22189092	2011	NoLink
BMC_Syst_Biol	24565159	2013	NoLink
BMC_Syst_Biol	22784580	2011	available http://cmbi.hsc.pku.edu.cn/mir2gene -1 
BMC_Syst_Biol	24565031	2013	null http://www.cs.gmu.edu/~mlbio/LSH-DIV 301 
BMC_Syst_Biol	21696634	2011	NoLink
BMC_Syst_Biol	20459610	2010	NoLink
BMC_Syst_Biol	20100324	2010	NoLink
BMC_Syst_Biol	22697466	2012	NoLink
BMC_Syst_Biol	21726468	2011	NoLink
BMC_Syst_Biol	23339444	2013	NoLink
BMC_Syst_Biol	25707434	2015	NoLink
BMC_Syst_Biol	19144179	2009	NoLink
BMC_Syst_Biol	24565265	2013	NoLink
BMC_Syst_Biol	25908096	2015	NoLink
BMC_Syst_Biol	17953751	2007	NoLink
BMC_Syst_Biol	23046686	2012	NoLink
BMC_Syst_Biol	29212543	2017	NoLink
BMC_Syst_Biol	NA	2016	NoLink
BMC_Syst_Biol	20504374	2010	NoLink
BMC_Syst_Biol	20840736	2010	NoLink
BMC_Syst_Biol	24669835	2014	code http://www.paola-vera-licona.net/Software/EARevEng/REACT.html -1 
BMC_Syst_Biol	22014244	2011	NoLink
BMC_Syst_Biol	23282021	2012	NoLink
BMC_Syst_Biol	27585440	2016	NoLink
BMC_Syst_Biol	23101662	2012	NoLink
BMC_Syst_Biol	20955552	2010	NoLink
BMC_Syst_Biol	25521010	2014	NoLink
BMC_Syst_Biol	24053643	2013	NoLink
BMC_Syst_Biol	29202761	2017	NoLink
BMC_Syst_Biol	19454027	2009	NoLink
BMC_Syst_Biol	22989145	2012	NoLink
BMC_Syst_Biol	18687109	2008	NoLink
BMC_Syst_Biol	24005029	2013	NoLink
BMC_Syst_Biol	24758335	2014	NoLink
BMC_Syst_Biol	18613954	2008	NoLink
BMC_Syst_Biol	21214945	2011	NoLink
BMC_Syst_Biol	18854041	2008	NoLink
BMC_Syst_Biol	21255393	2011	NoLink
BMC_Syst_Biol	22531112	2012	NoLink
BMC_Syst_Biol	28511646	2017	NoLink
BMC_Syst_Biol	25521941	2014	NoLink
BMC_Syst_Biol	17567903	2007	NoLink
BMC_Syst_Biol	22784575	2011	NoLink
BMC_Syst_Biol	22818032	2012	NoLink
BMC_Syst_Biol	29589565	2018	NoLink
BMC_Syst_Biol	19804630	2009	NoLink
BMC_Syst_Biol	24997799	2014	NoLink
BMC_Syst_Biol	24572152	2014	NoLink
BMC_Syst_Biol	20426856	2010	NoLink
BMC_Syst_Biol	24886704	2014	NoLink
BMC_Syst_Biol	30598097	2018	NoLink
BMC_Syst_Biol	28659168	2017	NoLink
BMC_Syst_Biol	29615030	2018	NoLink
BMC_Syst_Biol	26051120	2015	NoLink
BMC_Syst_Biol	24565376	2014	NoLink
BMC_Syst_Biol	26818006	2016	null http://gto.kaist.ac.kr/pdod/index.php/main -1 
BMC_Syst_Biol	30626386	2019	NoLink
BMC_Syst_Biol	19175927	2009	NoLink
BMC_Syst_Biol	19607691	2009	NoLink
BMC_Syst_Biol	23927696	2013	null http://opencobra.sourceforge.net/ 301 
BMC_Syst_Biol	20429918	2010	NoLink
BMC_Syst_Biol	26391569	2015	NoLink
BMC_Syst_Biol	17408502	2007	NoLink
BMC_Syst_Biol	24444313	2014	NoLink
BMC_Syst_Biol	23962043	2013	NoLink
BMC_Syst_Biol	24041013	2013	NoLink
BMC_Syst_Biol	21226925	2011	NoLink
BMC_Syst_Biol	22011616	2011	NoLink
BMC_Syst_Biol	24521265	2013	NoLink
BMC_Syst_Biol	18976473	2008	NoLink
BMC_Syst_Biol	24885538	2014	NoLink
BMC_Syst_Biol	21943338	2011	NoLink
BMC_Syst_Biol	26873593	2016	NoLink
BMC_Syst_Biol	17718913	2007	NoLink
BMC_Syst_Biol	29671401	2018	NoLink
BMC_Syst_Biol	19040760	2008	NoLink
BMC_Syst_Biol	23282057	2012	available http://compbio.ddns.comp.nus.edu.sg:8080/IntPath -1 
BMC_Syst_Biol	26335227	2015	NoLink
BMC_Syst_Biol	19566953	2009	NoLink
BMC_Syst_Biol	22008379	2011	NoLink
BMC_Syst_Biol	23875761	2013	null http://3omics.cmdm.tw 301 
BMC_Syst_Biol	21029410	2010	NoLink
BMC_Syst_Biol	24565114	2014	NoLink
BMC_Syst_Biol	22784628	2011	NoLink
BMC_Syst_Biol	23190768	2012	NoLink
BMC_Syst_Biol	24555417	2013	NoLink
BMC_Syst_Biol	21435228	2011	NoLink
BMC_Syst_Biol	23256696	2012	NoLink
BMC_Syst_Biol	18194572	2008	NoLink
BMC_Syst_Biol	21535871	2011	NoLink
BMC_Syst_Biol	21050438	2010	NoLink
BMC_Syst_Biol	24886662	2014	software http://www.bdagroup.nl/content/Downloads/software/software.php 301 
BMC_Syst_Biol	29297378	2017	NoLink
BMC_Syst_Biol	21880148	2011	NoLink
BMC_Syst_Biol	19422680	2009	NoLink
BMC_Syst_Biol	21176149	2010	NoLink
BMC_Syst_Biol	29745857	2018	NoLink
BMC_Syst_Biol	22011625	2011	NoLink
BMC_Syst_Biol	28155725	2016	NoLink
BMC_Syst_Biol	28155667	2016	NoLink
BMC_Syst_Biol	23046764	2012	NoLink
BMC_Syst_Biol	21711513	2011	NoLink
BMC_Syst_Biol	20653930	2010	NoLink
BMC_Syst_Biol	30577783	2018	NoLink
BMC_Syst_Biol	20298607	2010	NoLink
BMC_Syst_Biol	25708115	2015	NoLink
BMC_Syst_Biol	21110851	2010	NoLink
BMC_Syst_Biol	21962087	2011	NoLink
BMC_Syst_Biol	22663945	2012	null http://yeast.sf.net/ 301 
BMC_Syst_Biol	29284486	2017	NoLink
BMC_Syst_Biol	17408504	2007	NoLink
BMC_Syst_Biol	24742065	2014	NoLink
BMC_Syst_Biol	21729292	2011	NoLink
BMC_Syst_Biol	23046922	2012	null http://www.computationalbioenergy.org/parallel-meta.html 301 
BMC_Syst_Biol	20233406	2010	code http://meredys.sourceforge.net/ 301 
BMC_Syst_Biol	21545710	2011	NoLink
BMC_Syst_Biol	20507570	2010	NoLink
BMC_Syst_Biol	21281499	2011	NoLink
BMC_Syst_Biol	18564421	2008	NoLink
BMC_Syst_Biol	25539657	2014	NoLink
BMC_Syst_Biol	25256134	2014	NoLink
BMC_Syst_Biol	21167069	2010	NoLink
BMC_Syst_Biol	20184719	2010	NoLink
BMC_Syst_Biol	26209520	2015	NoLink
BMC_Syst_Biol	21819595	2011	NoLink
BMC_Syst_Biol	18034885	2007	available http://www.CoryneCenter.de -1 
BMC_Syst_Biol	29560827	2018	NoLink
BMC_Syst_Biol	30463617	2018	NoLink
BMC_Syst_Biol	19814817	2009	NoLink
BMC_Syst_Biol	28155690	2016	NoLink
BMC_Syst_Biol	22784566	2011	NoLink
BMC_Syst_Biol	17408512	2007	null http://3d-alignment.eu/metannogen/ 302 
BMC_Syst_Biol	19284563	2009	NoLink
BMC_Syst_Biol	22607732	2012	NoLink
BMC_Syst_Biol	25033389	2014	NoLink
BMC_Syst_Biol	25889737	2015	NoLink
BMC_Syst_Biol	19772565	2009	NoLink
BMC_Syst_Biol	24655481	2014	NoLink
BMC_Syst_Biol	21073692	2010	NoLink
BMC_Syst_Biol	26341082	2015	NoLink
BMC_Syst_Biol	22369292	2012	null http://www.potterswheel.de 301 
BMC_Syst_Biol	17477880	2007	NoLink
BMC_Syst_Biol	23803348	2013	NoLink
BMC_Syst_Biol	26201334	2015	NoLink
BMC_Syst_Biol	18671848	2008	NoLink
BMC_Syst_Biol	24886210	2014	software http://www.ichip.de/software/pathwave.html 301 
BMC_Syst_Biol	24160305	2013	NoLink
BMC_Syst_Biol	17408516	2007	NoLink
BMC_Syst_Biol	24565276	2014	NoLink
BMC_Syst_Biol	26080803	2015	NoLink
BMC_Syst_Biol	29898720	2018	NoLink
BMC_Syst_Biol	28361678	2017	NoLink
BMC_Syst_Biol	24196233	2013	NoLink
BMC_Syst_Biol	18637177	2008	NoLink
BMC_Syst_Biol	28984203	2017	NoLink
BMC_Syst_Biol	18588708	2008	NoLink
BMC_Syst_Biol	21689470	2011	NoLink
BMC_Syst_Biol	25431000	2014	NoLink
BMC_Syst_Biol	23866986	2013	NoLink
BMC_Syst_Biol	21689480	2011	NoLink
BMC_Syst_Biol	24886522	2014	NoLink
BMC_Syst_Biol	21083885	2010	NoLink
BMC_Syst_Biol	21762505	2011	NoLink
BMC_Syst_Biol	20122284	2010	algorithm http://cs.utsa.edu/~jruan/Software.html 302 
BMC_Syst_Biol	20840724	2010	NoLink
BMC_Syst_Biol	20840734	2010	NoLink
BMC_Syst_Biol	23281822	2012	NoLink
BMC_Syst_Biol	27535120	2016	NoLink
BMC_Syst_Biol	30064421	2018	NoLink
BMC_Syst_Biol	30547784	2018	NoLink
BMC_Syst_Biol	24564859	2013	NoLink
BMC_Syst_Biol	26260760	2015	NoLink
BMC_Syst_Biol	25115331	2014	available http://kimosys.org -1 
BMC_Syst_Biol	20840727	2010	NoLink
BMC_Syst_Biol	23938152	2013	NoLink
BMC_Syst_Biol	27460034	2016	NoLink
BMC_Syst_Biol	18808668	2008	NoLink
BMC_Syst_Biol	26048402	2015	NoLink
BMC_Syst_Biol	24564980	2013	NoLink
BMC_Syst_Biol	20522254	2010	NoLink
BMC_Syst_Biol	21092110	2010	NoLink
BMC_Syst_Biol	20346180	2010	NoLink
BMC_Syst_Biol	28376810	2017	available https://sourceforge.net/projects/ppicompare/ 301 
BMC_Syst_Biol	19758441	2009	NoLink
BMC_Syst_Biol	25134827	2014	null http://apps.cytoscape.org/apps/keypathwayminer 301 null http://keypathwayminer.mpi-inf.mpg.de -1 
BMC_Syst_Biol	20663171	2010	available http://cbcl.ics.uci.edu/sgd -1 
BMC_Syst_Biol	24708835	2014	NoLink
BMC_Syst_Biol	24758311	2014	NoLink
BMC_Syst_Biol	21143896	2010	NoLink
BMC_Syst_Biol	22929619	2012	NoLink
BMC_Syst_Biol	19566957	2009	NoLink
BMC_Syst_Biol	21244678	2011	NoLink
BMC_Syst_Biol	29157236	2017	NoLink
BMC_Syst_Biol	21247421	2011	NoLink
BMC_Syst_Biol	19534796	2009	NoLink
BMC_Syst_Biol	27266276	2016	NoLink
BMC_Syst_Biol	22784579	2011	NoLink
BMC_Syst_Biol	28472965	2017	null https://github.com/Hongyu-Miao/SIOOR 301 
BMC_Syst_Biol	27090655	2016	NoLink
BMC_Syst_Biol	23531283	2013	NoLink
BMC_Syst_Biol	24655443	2014	NoLink
BMC_Syst_Biol	20331876	2010	NoLink
BMC_Syst_Biol	21251314	2011	NoLink
BMC_Syst_Biol	28984195	2017	NoLink
BMC_Syst_Biol	26050742	2015	available http://alpha.dmi.unict.it/dtweb/ -1 
BMC_Syst_Biol	18651956	2008	NoLink
BMC_Syst_Biol	24006872	2013	NoLink
BMC_Syst_Biol	21235794	2011	null http://www.biologicalnetworks.org 301 null http://flu.sdsc.edu -1 
BMC_Syst_Biol	30670016	2019	NoLink
BMC_Syst_Biol	23282146	2012	NoLink
BMC_Syst_Biol	23046543	2012	NoLink
BMC_Syst_Biol	29914483	2018	NoLink
BMC_Syst_Biol	23587307	2013	NoLink
BMC_Syst_Biol	17408499	2007	NoLink
BMC_Syst_Biol	21995951	2011	NoLink
BMC_Syst_Biol	24468197	2014	NoLink
BMC_Syst_Biol	25115351	2014	NoLink
BMC_Syst_Biol	22979979	2012	NoLink
BMC_Syst_Biol	26377684	2015	NoLink
BMC_Syst_Biol	23282132	2012	NoLink
BMC_Syst_Biol	22558935	2012	NoLink
BMC_Syst_Biol	22192879	2011	NoLink
BMC_Syst_Biol	24555823	2013	NoLink
BMC_Syst_Biol	27580913	2016	NoLink
BMC_Syst_Biol	28155660	2016	null http://www.scbit.org/QIPI/ -1 
BMC_Syst_Biol	24886608	2014	NoLink
BMC_Syst_Biol	27927198	2016	NoLink
BMC_Syst_Biol	29671388	2018	NoLink
BMC_Syst_Biol	20043854	2009	NoLink
BMC_Syst_Biol	19200357	2009	NoLink
BMC_Syst_Biol	22607777	2012	NoLink
BMC_Syst_Biol	24176044	2013	NoLink
BMC_Syst_Biol	21266044	2011	NoLink
BMC_Syst_Biol	20642857	2010	NoLink
BMC_Syst_Biol	23587327	2013	NoLink
BMC_Syst_Biol	22691569	2012	NoLink
BMC_Syst_Biol	18755034	2008	NoLink
BMC_Syst_Biol	24565134	2013	available http://www.scbit.org/cgrnb -1 
BMC_Syst_Biol	28235406	2017	NoLink
BMC_Syst_Biol	30598094	2018	NoLink
BMC_Syst_Biol	30598088	2018	NoLink
BMC_Syst_Biol	28651594	2017	NoLink
BMC_Syst_Biol	26818456	2016	available http://csb.cse.yzu.edu.tw/UbiSite/ -1 
BMC_Syst_Biol	23194026	2012	NoLink
BMC_Syst_Biol	24885780	2014	NoLink
BMC_Syst_Biol	30755197	2019	abstractNotFound
BMC_Syst_Biol	19239699	2009	NoLink
BMC_Syst_Biol	27846849	2016	NoLink
BMC_Syst_Biol	25403239	2014	NoLink
BMC_Syst_Biol	20565733	2010	NoLink
BMC_Syst_Biol	20064255	2010	NoLink
BMC_Syst_Biol	18611259	2008	NoLink
BMC_Syst_Biol	29322926	2017	NoLink
BMC_Syst_Biol	19032748	2008	NoLink
BMC_Syst_Biol	22703599	2012	NoLink
BMC_Syst_Biol	NA	2014	NoLink
BMC_Syst_Biol	23575114	2013	NoLink
BMC_Syst_Biol	18173842	2008	NoLink
BMC_Syst_Biol	24564834	2013	NoLink
BMC_Syst_Biol	27585988	2016	NoLink
BMC_Syst_Biol	24180668	2013	null http://www.ebi.ac.uk/biomodels-main/path2models 301 
BMC_Syst_Biol	24885905	2014	NoLink
BMC_Syst_Biol	25881313	2015	NoLink
BMC_Syst_Biol	23799982	2013	NoLink
BMC_Syst_Biol	20377904	2010	NoLink
BMC_Syst_Biol	30598084	2018	NoLink
BMC_Syst_Biol	19061496	2008	NoLink
BMC_Syst_Biol	28270142	2017	NoLink
BMC_Syst_Biol	23282199	2012	NoLink
BMC_Syst_Biol	21410935	2011	NoLink
BMC_Syst_Biol	20504310	2010	NoLink
BMC_Syst_Biol	20109182	2010	null http://www.mcisb.org/resources/genomescale/ 404 
BMC_Syst_Biol	18462493	2008	NoLink
BMC_Syst_Biol	20920161	2010	NoLink
BMC_Syst_Biol	20525331	2010	NoLink
BMC_Syst_Biol	28676050	2017	NoLink
BMC_Syst_Biol	25559663	2014	NoLink
BMC_Syst_Biol	27549182	2016	NoLink
BMC_Syst_Biol	21496241	2011	NoLink
BMC_Syst_Biol	25551281	2014	NoLink
BMC_Syst_Biol	24612742	2014	NoLink
BMC_Syst_Biol	18373871	2008	available http://scsb.sjtu.edu.cn/statespace 302 
BMC_Syst_Biol	25890336	2015	NoLink
BMC_Syst_Biol	28521769	2017	NoLink
BMC_Syst_Biol	20034377	2009	NoLink
BMC_Syst_Biol	26271256	2015	available http://bioinfo-out.curie.fr/projects/dedal/ 200 
BMC_Syst_Biol	18700017	2008	NoLink
BMC_Syst_Biol	28950905	2017	NoLink
BMC_Syst_Biol	29560830	2018	software http://compbio.sookmyung.ac.kr/~qsurface 302 
BMC_Syst_Biol	19943949	2009	NoLink
BMC_Syst_Biol	24970389	2014	NoLink
BMC_Syst_Biol	24267954	2013	NoLink
BMC_Syst_Biol	24636000	2014	NoLink
BMC_Syst_Biol	21059271	2010	NoLink
BMC_Syst_Biol	20167065	2010	NoLink
BMC_Syst_Biol	30419897	2018	NoLink
BMC_Syst_Biol	24954394	2014	NoLink
BMC_Syst_Biol	20696063	2010	NoLink
BMC_Syst_Biol	26400098	2015	NoLink
BMC_Syst_Biol	22784574	2011	NoLink
BMC_Syst_Biol	26187737	2015	NoLink
BMC_Syst_Biol	26810975	2016	NoLink
BMC_Syst_Biol	26510838	2015	NoLink
BMC_Syst_Biol	25971253	2015	NoLink
BMC_Syst_Biol	23281790	2012	NoLink
BMC_Syst_Biol	25466625	2014	NoLink
BMC_Syst_Biol	24138927	2013	NoLink
BMC_Syst_Biol	19228404	2009	NoLink
BMC_Syst_Biol	22784571	2011	NoLink
BMC_Syst_Biol	23046711	2012	NoLink
BMC_Syst_Biol	28950868	2017	NoLink
BMC_Syst_Biol	22583819	2012	NoLink
BMC_Syst_Biol	29615037	2018	NoLink
BMC_Syst_Biol	28466790	2017	NoLink
BMC_Syst_Biol	21801369	2011	NoLink
BMC_Syst_Biol	20412565	2010	NoLink
BMC_Syst_Biol	30355281	2018	NoLink
BMC_Syst_Biol	29884203	2018	NoLink
BMC_Syst_Biol	28984194	2017	NoLink
BMC_Syst_Biol	28466789	2017	NoLink
BMC_Syst_Biol	28249581	2017	NoLink
BMC_Syst_Biol	17524136	2007	NoLink
BMC_Syst_Biol	26503450	2015	NoLink
BMC_Syst_Biol	21714894	2011	NoLink
BMC_Syst_Biol	27769280	2016	NoLink
BMC_Syst_Biol	28105946	2016	NoLink
BMC_Syst_Biol	28166778	2017	NoLink
BMC_Syst_Biol	21835028	2011	NoLink
BMC_Syst_Biol	30598095	2018	NoLink
BMC_Syst_Biol	26932448	2016	NoLink
BMC_Syst_Biol	21943358	2011	NoLink
BMC_Syst_Biol	25032747	2014	NoLink
BMC_Syst_Biol	25888817	2015	NoLink
BMC_Syst_Biol	30458766	2018	NoLink
BMC_Syst_Biol	20707903	2010	NoLink
BMC_Syst_Biol	24153255	2013	NoLink
BMC_Syst_Biol	21846358	2011	NoLink
BMC_Syst_Biol	25033288	2014	NoLink
BMC_Syst_Biol	25521243	2014	NoLink
BMC_Syst_Biol	29560828	2018	NoLink
BMC_Syst_Biol	20021680	2009	NoLink
BMC_Syst_Biol	30016990	2018	NoLink
BMC_Syst_Biol	26589494	2015	NoLink
BMC_Syst_Biol	27586041	2016	available https://github.com/zhandong/XMRF 301 
BMC_Syst_Biol	24564875	2013	NoLink
BMC_Syst_Biol	28155718	2016	NoLink
BMC_Syst_Biol	22727112	2012	NoLink
BMC_Syst_Biol	23506153	2013	NoLink
BMC_Syst_Biol	22784624	2011	NoLink
BMC_Syst_Biol	18625054	2008	NoLink
BMC_Syst_Biol	18387196	2008	NoLink
BMC_Syst_Biol	18439261	2008	NoLink
BMC_Syst_Biol	30704476	2019	NoLink
BMC_Syst_Biol	20416071	2010	NoLink
BMC_Syst_Biol	24172639	2013	NoLink
BMC_Syst_Biol	18394191	2008	NoLink
BMC_Syst_Biol	23046521	2012	available http://www.jjwanglab.org/NRProF/ -1 
BMC_Syst_Biol	18221557	2008	NoLink
BMC_Syst_Biol	30594246	2018	available https://psmbionet.github.io 301 
BMC_Syst_Biol	18518982	2008	NoLink
BMC_Syst_Biol	24564975	2013	NoLink
BMC_Syst_Biol	23282221	2012	NoLink
BMC_Syst_Biol	23992617	2013	NoLink
BMC_Syst_Biol	21187013	2010	NoLink
BMC_Syst_Biol	27516087	2016	NoLink
BMC_Syst_Biol	26356760	2015	NoLink
BMC_Syst_Biol	29145845	2017	NoLink
BMC_Syst_Biol	22929553	2012	NoLink
BMC_Syst_Biol	22540944	2012	NoLink
BMC_Syst_Biol	22897824	2012	download www.sb.cs.cmu.edu/drem -1 
BMC_Syst_Biol	24456840	2013	NoLink
BMC_Syst_Biol	20522257	2010	NoLink
BMC_Syst_Biol	20064204	2010	NoLink
BMC_Syst_Biol	22136443	2011	NoLink
BMC_Syst_Biol	20478018	2010	NoLink
BMC_Syst_Biol	24176088	2013	null http://www.sbgn-ed.org 302 
BMC_Syst_Biol	17408501	2007	NoLink
BMC_Syst_Biol	28407804	2017	NoLink
BMC_Syst_Biol	23497424	2013	NoLink
BMC_Syst_Biol	17408507	2007	NoLink
BMC_Syst_Biol	25350120	2014	NoLink
BMC_Syst_Biol	24004452	2013	NoLink
BMC_Syst_Biol	26578352	2015	NoLink
BMC_Syst_Biol	22784619	2011	NoLink
BMC_Syst_Biol	28807050	2017	NoLink
BMC_Syst_Biol	25890056	2015	NoLink
BMC_Syst_Biol	19222862	2009	NoLink
BMC_Syst_Biol	26968941	2016	NoLink
BMC_Syst_Biol	27793154	2016	NoLink
BMC_Syst_Biol	21067567	2010	NoLink
BMC_Syst_Biol	24237659	2013	NoLink
BMC_Syst_Biol	23947337	2013	NoLink
BMC_Syst_Biol	22727043	2012	NoLink
BMC_Syst_Biol	17408505	2007	NoLink
BMC_Syst_Biol	23311633	2013	null http://www.adhesome.org 308 
BMC_Syst_Biol	28298216	2017	NoLink
BMC_Syst_Biol	18976494	2008	NoLink
BMC_Syst_Biol	27884189	2016	NoLink
BMC_Syst_Biol	27586140	2016	NoLink
BMC_Syst_Biol	17784938	2007	NoLink
BMC_Syst_Biol	30285726	2018	NoLink
BMC_Syst_Biol	28361687	2017	software http://biohealth.snu.ac.kr/software/PINTnet/ -1 
BMC_Syst_Biol	23721297	2013	NoLink
BMC_Syst_Biol	19505344	2009	NoLink
BMC_Syst_Biol	24219887	2013	NoLink
BMC_Syst_Biol	24564870	2013	NoLink
BMC_Syst_Biol	28381275	2017	NoLink
BMC_Syst_Biol	29514691	2018	NoLink
BMC_Syst_Biol	21129207	2010	NoLink
BMC_Syst_Biol	27490494	2016	NoLink
BMC_Syst_Biol	29671403	2018	pipeline http://www.deepomics.org/pipelines/3DCD6955FEF2E64A/ 301 
BMC_Syst_Biol	18634554	2008	NoLink
BMC_Syst_Biol	23046877	2012	NoLink
BMC_Syst_Biol	22889237	2012	NoLink
BMC_Syst_Biol	17640350	2007	NoLink
BMC_Syst_Biol	25707537	2015	NoLink
BMC_Syst_Biol	20529297	2010	NoLink
BMC_Syst_Biol	19126203	2009	NoLink
BMC_Syst_Biol	27490187	2016	NoLink
BMC_Syst_Biol	24088197	2013	available http://www.influenza-x.org/flumap/ 301 
BMC_Syst_Biol	23548040	2013	NoLink
BMC_Syst_Biol	21838869	2011	NoLink
BMC_Syst_Biol	23281841	2012	NoLink
BMC_Syst_Biol	22849824	2012	NoLink
BMC_Syst_Biol	21689484	2011	NoLink
BMC_Syst_Biol	30257674	2018	application https://sbrg.github.io/escher-fba 301 
BMC_Syst_Biol	24565288	2013	NoLink
BMC_Syst_Biol	23282411	2012	code http://code.google.com/p/spectralmix 301 
BMC_Syst_Biol	30598087	2018	NoLink
BMC_Syst_Biol	29282071	2017	NoLink
BMC_Syst_Biol	25559865	2014	NoLink
BMC_Syst_Biol	28950860	2017	NoLink
BMC_Syst_Biol	NA	2013	NoLink
BMC_Syst_Biol	22309974	2012	NoLink
BMC_Syst_Biol	27599550	2016	null http://apps.cytoscape.org/apps/mcds 301 available https://github.com/maryamNazarieh/KeyRegulatoryGenes 301 
BMC_Syst_Biol	18950480	2008	NoLink
BMC_Syst_Biol	NA	2012	abstractNotFound
BMC_Syst_Biol	24034347	2013	NoLink
BMC_Syst_Biol	19432996	2009	NoLink
BMC_Syst_Biol	18218091	2008	NoLink
BMC_Syst_Biol	21190570	2010	NoLink
BMC_Syst_Biol	29322936	2017	NoLink
BMC_Syst_Biol	24708852	2014	package http://www.copasi.org/SoftwareProjects 301 
BMC_Syst_Biol	30547798	2018	NoLink
BMC_Syst_Biol	29475447	2018	abstractNotFound
BMC_Syst_Biol	17408515	2007	NoLink
BMC_Syst_Biol	21044309	2010	NoLink
BMC_Syst_Biol	26678917	2015	NoLink
BMC_Syst_Biol	24564945	2013	NoLink
BMC_Syst_Biol	24565165	2014	NoLink
BMC_Syst_Biol	25603810	2014	NoLink
BMC_Syst_Biol	25880925	2015	null https://sites.google.com/site/biopredynbenchmarks/ 301 
BMC_Syst_Biol	24565370	2013	NoLink
BMC_Syst_Biol	30953486	2019	NoLink
BMC_Syst_Biol	18620602	2008	NoLink
BMC_Syst_Biol	22548803	2012	NoLink
BMC_Syst_Biol	23826941	2013	null http://simulation-core.sourceforge.net 301 
BMC_Syst_Biol	19040715	2008	software http://arena3d.org 301 
BMC_Syst_Biol	22574658	2012	available http://steps.sourceforge.net/ 301 
BMC_Syst_Biol	29745838	2018	NoLink
BMC_Syst_Biol	24565220	2013	tool http://cosbi.ee.ncku.edu.tw/MissVIA 301 
BMC_Syst_Biol	29769129	2018	NoLink
BMC_Syst_Biol	27526853	2016	NoLink
BMC_Syst_Biol	20230629	2010	NoLink
BMC_Syst_Biol	25033876	2014	NoLink
BMC_Syst_Biol	22050994	2011	NoLink
BMC_Syst_Biol	25518943	2014	NoLink
BMC_Syst_Biol	21194445	2010	NoLink
BMC_Syst_Biol	21595941	2011	NoLink
BMC_Syst_Biol	30642357	2019	NoLink
BMC_Syst_Biol	20035624	2009	NoLink
BMC_Syst_Biol	18652654	2008	NoLink
BMC_Syst_Biol	26935435	2016	NoLink
BMC_Syst_Biol	19454001	2009	NoLink
BMC_Syst_Biol	25033193	2014	NoLink
BMC_Syst_Biol	29178872	2017	NoLink
BMC_Syst_Biol	23173819	2012	available http://cbio.ensmp.fr/tigress 302 null http://dream.broadinstitute.org 301 
BMC_Syst_Biol	23938131	2013	NoLink
BMC_Syst_Biol	22925037	2012	NoLink
BMC_Syst_Biol	26553024	2015	NoLink
BMC_Syst_Biol	23680078	2013	NoLink
BMC_Syst_Biol	27769272	2016	abstractNotFound
BMC_Syst_Biol	26013004	2015	NoLink
BMC_Syst_Biol	27884151	2016	NoLink
BMC_Syst_Biol	23282067	2012	NoLink
BMC_Syst_Biol	25889900	2015	NoLink
BMC_Syst_Biol	21859460	2011	NoLink
BMC_Syst_Biol	20860793	2010	NoLink
BMC_Syst_Biol	23281828	2012	NoLink
BMC_Syst_Biol	20403172	2010	NoLink
BMC_Syst_Biol	19405968	2009	NoLink
BMC_Syst_Biol	21627793	2011	NoLink
BMC_Syst_Biol	19473523	2009	NoLink
BMC_Syst_Biol	20807400	2010	NoLink
BMC_Syst_Biol	20663170	2010	NoLink
BMC_Syst_Biol	28716030	2017	NoLink
BMC_Syst_Biol	22784622	2011	NoLink
BMC_Syst_Biol	26033487	2015	NoLink
BMC_Syst_Biol	23046795	2012	NoLink
BMC_Syst_Biol	21985575	2011	NoLink
BMC_Syst_Biol	24742092	2014	NoLink
BMC_Syst_Biol	20522255	2010	NoLink
BMC_Syst_Biol	28984200	2017	NoLink
BMC_Syst_Biol	28950903	2017	NoLink
BMC_Syst_Biol	27561377	2016	NoLink
BMC_Syst_Biol	20840723	2010	NoLink
BMC_Syst_Biol	21106087	2010	NoLink
BMC_Syst_Biol	17408509	2007	NoLink
BMC_Syst_Biol	20534172	2010	NoLink
BMC_Syst_Biol	29322924	2017	abstractNotFound
BMC_Syst_Biol	29322920	2017	available http://csb.cse.yzu.edu.tw/CruxPTM/ -1 
BMC_Syst_Biol	24565527	2013	NoLink
BMC_Syst_Biol	17683566	2007	NoLink
BMC_Syst_Biol	21682932	2011	NoLink
BMC_Syst_Biol	26635009	2015	NoLink
BMC_Syst_Biol	20478019	2010	NoLink
BMC_Syst_Biol	19874611	2009	NoLink
BMC_Syst_Biol	22548736	2012	NoLink
BMC_Syst_Biol	20846398	2010	software http://www.bioinf.cs.ipm.ir/softwares/cfa/CFA.rar 308 
BMC_Syst_Biol	20840725	2010	NoLink
BMC_Syst_Biol	17651484	2007	NoLink
BMC_Syst_Biol	30952205	2019	NoLink
BMC_Syst_Biol	22691450	2012	NoLink
BMC_Syst_Biol	21073713	2010	NoLink
BMC_Syst_Biol	22034985	2011	NoLink
BMC_Syst_Biol	18986552	2008	NoLink
BMC_Syst_Biol	24886091	2014	NoLink
BMC_Syst_Biol	29970070	2018	NoLink
BMC_Syst_Biol	24369854	2013	NoLink
BMC_Syst_Biol	17640329	2007	NoLink
BMC_Syst_Biol	18005421	2007	NoLink
BMC_Syst_Biol	19232106	2009	NoLink
BMC_Syst_Biol	26818115	2016	NoLink
BMC_Syst_Biol	20735856	2010	NoLink
BMC_Syst_Biol	23705868	2013	NoLink
BMC_Syst_Biol	30463571	2018	NoLink
BMC_Syst_Biol	17883828	2007	NoLink
BMC_Syst_Biol	27619919	2016	NoLink
BMC_Syst_Biol	24456859	2014	NoLink
BMC_Syst_Biol	19366454	2009	NoLink
BMC_Syst_Biol	19653913	2009	NoLink
BMC_Syst_Biol	25033072	2014	NoLink
BMC_Syst_Biol	18582382	2008	NoLink
BMC_Syst_Biol	26188761	2015	NoLink
BMC_Syst_Biol	19615086	2009	NoLink
BMC_Syst_Biol	30953525	2019	download https://github.com/kckishan/GNE 301 
BMC_Syst_Biol	25890263	2015	NoLink
BMC_Syst_Biol	29297349	2017	NoLink
BMC_Syst_Biol	19943959	2009	tool http://xialab.bu.edu/resources/pnns -1 
BMC_Syst_Biol	26084378	2015	NoLink
BMC_Syst_Biol	28361676	2017	NoLink
BMC_Syst_Biol	27306057	2016	NoLink
BMC_Syst_Biol	30598091	2018	null http://deeplearner.ahu.edu.cn/web/HotspotEL.htm -1 
BMC_Syst_Biol	18284674	2008	NoLink
BMC_Syst_Biol	21489290	2011	NoLink
BMC_Syst_Biol	20298562	2010	NoLink
BMC_Syst_Biol	21548957	2011	NoLink
BMC_Syst_Biol	23924435	2013	NoLink
BMC_Syst_Biol	21714867	2011	NoLink
BMC_Syst_Biol	20925940	2010	NoLink
BMC_Syst_Biol	19014615	2008	NoLink
BMC_Syst_Biol	22784623	2011	NoLink
BMC_Syst_Biol	30458782	2018	NoLink
BMC_Syst_Biol	27266508	2016	NoLink
BMC_Syst_Biol	22044634	2011	NoLink
BMC_Syst_Biol	28950863	2017	NoLink
BMC_Syst_Biol	29560822	2018	NoLink
BMC_Syst_Biol	24964944	2014	NoLink
BMC_Syst_Biol	17408503	2007	NoLink
BMC_Syst_Biol	23017156	2012	NoLink
BMC_Syst_Biol	23134774	2012	NoLink
BMC_Syst_Biol	27662842	2016	available http://www.ms.uky.edu/~dmu228/ControlAlg 302 
BMC_Syst_Biol	24564886	2013	NoLink
BMC_Syst_Biol	17547772	2007	null http://www.genetics.ucla.edu/labs/horvath/ModuleConformity/ModuleNetworks -1 
BMC_Syst_Biol	24314206	2013	NoLink
BMC_Syst_Biol	21047430	2010	NoLink
BMC_Syst_Biol	23875784	2013	NoLink
BMC_Syst_Biol	21352515	2011	NoLink
BMC_Syst_Biol	21518438	2011	NoLink
BMC_Syst_Biol	22640931	2012	NoLink
BMC_Syst_Biol	24773761	2014	NoLink
BMC_Syst_Biol	17764547	2007	NoLink
BMC_Syst_Biol	22640921	2012	NoLink
BMC_Syst_Biol	22289253	2012	NoLink
BMC_Syst_Biol	20028552	2009	NoLink
BMC_Syst_Biol	21447198	2011	NoLink
BMC_Syst_Biol	21714914	2011	NoLink
BMC_Syst_Biol	25074068	2014	NoLink
BMC_Syst_Biol	26679092	2015	NoLink
BMC_Syst_Biol	20584335	2010	NoLink
BMC_Syst_Biol	26589386	2015	NoLink
BMC_Syst_Biol	26678747	2015	NoLink
BMC_Syst_Biol	20840733	2010	NoLink
BMC_Syst_Biol	19615085	2009	NoLink
BMC_Syst_Biol	30558585	2018	NoLink
BMC_Syst_Biol	23046553	2012	NoLink
BMC_Syst_Biol	20825665	2010	NoLink
BMC_Syst_Biol	30791941	2019	NoLink
BMC_Syst_Biol	24565046	2014	NoLink
BMC_Syst_Biol	18713463	2008	NoLink
BMC_Syst_Biol	24555875	2013	NoLink
BMC_Syst_Biol	19638230	2009	NoLink
BMC_Syst_Biol	19416532	2009	NoLink
BMC_Syst_Biol	24564924	2013	package http://webclu.bio.wzw.tum.de/PiType/PiType.zip 302 
BMC_Syst_Biol	21545728	2011	NoLink
BMC_Syst_Biol	22546282	2012	NoLink
BMC_Syst_Biol	28420402	2017	null http://cefg.uestc.edu.cn/sser -1 
BMC_Syst_Biol	29914482	2018	download https://github.com/simonhb1990/RACIPE-1.0 301 
BMC_Syst_Biol	21190591	2010	NoLink
BMC_Syst_Biol	19500393	2009	NoLink
BMC_Syst_Biol	17408510	2007	NoLink
BMC_Syst_Biol	18489752	2008	NoLink
BMC_Syst_Biol	23320748	2013	NoLink
BMC_Syst_Biol	20840729	2010	NoLink
BMC_Syst_Biol	30577846	2018	NoLink
BMC_Syst_Biol	29506508	2018	NoLink
BMC_Syst_Biol	21689477	2011	NoLink
BMC_Syst_Biol	21689481	2011	NoLink
BMC_Syst_Biol	26704692	2015	null http://www.copasi.org/Projects 301 
BMC_Syst_Biol	21920041	2011	NoLink
BMC_Syst_Biol	24188919	2013	NoLink
BMC_Syst_Biol	21951560	2011	NoLink
BMC_Syst_Biol	24330611	2013	NoLink
BMC_Syst_Biol	25182954	2014	NoLink
BMC_Syst_Biol	20426867	2010	NoLink
BMC_Syst_Biol	22808943	2012	NoLink
BMC_Syst_Biol	27604263	2016	NoLink
BMC_Syst_Biol	28466791	2017	NoLink
BMC_Syst_Biol	19919683	2009	NoLink
BMC_Syst_Biol	21605386	2011	NoLink
BMC_Syst_Biol	24261882	2013	NoLink
BMC_Syst_Biol	30458793	2018	NoLink
BMC_Syst_Biol	22051069	2011	NoLink
BMC_Syst_Biol	29017547	2017	NoLink
BMC_Syst_Biol	21999653	2011	NoLink
BMC_Syst_Biol	29671392	2018	NoLink
BMC_Syst_Biol	19891778	2009	NoLink
BMC_Syst_Biol	28153012	2017	NoLink
BMC_Syst_Biol	20202198	2010	NoLink
BMC_Syst_Biol	19961587	2009	NoLink
BMC_Syst_Biol	20236543	2010	NoLink
BMC_Syst_Biol	21338487	2011	NoLink
BMC_Syst_Biol	17408511	2007	NoLink
BMC_Syst_Biol	20015360	2009	NoLink
BMC_Syst_Biol	21843341	2011	NoLink
BMC_Syst_Biol	21496342	2011	NoLink
BMC_Syst_Biol	21190580	2010	NoLink
BMC_Syst_Biol	24674293	2014	NoLink
BMC_Syst_Biol	18706112	2008	NoLink
BMC_Syst_Biol	24507381	2014	NoLink
BMC_Syst_Biol	23046669	2012	NoLink
BMC_Syst_Biol	27863488	2016	NoLink
BMC_Syst_Biol	25344409	2014	NoLink
BMC_Syst_Biol	28476119	2017	null https://github.com/gabora/visid 301 
BMC_Syst_Biol	22898448	2012	NoLink
BMC_Syst_Biol	23379669	2013	NoLink
BMC_Syst_Biol	21722388	2011	NoLink
BMC_Syst_Biol	24565222	2013	NoLink
BMC_Syst_Biol	21689482	2011	available http://projects.biotec.tu-dresden.de/metadbsite/ 404 null http://sysbio.zju.edu.cn/metadbsite -1 
BMC_Syst_Biol	29322918	2017	NoLink
BMC_Syst_Biol	20353594	2010	null http://www.interologfinder.org 403 
BMC_Syst_Biol	30314484	2018	download http://www.varnerlab.org 403 
BMC_Syst_Biol	18205908	2008	NoLink
BMC_Syst_Biol	21486480	2011	NoLink
BMC_Syst_Biol	22892133	2012	NoLink
BMC_Syst_Biol	24564905	2013	NoLink
BMC_Syst_Biol	18713470	2008	NoLink
BMC_Syst_Biol	26927448	2016	NoLink
BMC_Syst_Biol	29246152	2017	NoLink
BMC_Syst_Biol	18021413	2007	NoLink
BMC_Syst_Biol	20356406	2010	NoLink
BMC_Syst_Biol	25540032	2014	NoLink
BMC_Syst_Biol	22932419	2012	NoLink
BMC_Syst_Biol	23282319	2012	NoLink
BMC_Syst_Biol	29560829	2018	NoLink
BMC_Syst_Biol	28259158	2017	NoLink
BMC_Syst_Biol	20500839	2010	NoLink
BMC_Syst_Biol	22672785	2012	NoLink
BMC_Syst_Biol	24961398	2014	NoLink
BMC_Syst_Biol	20718955	2010	NoLink
BMC_Syst_Biol	28103878	2017	NoLink
BMC_Syst_Biol	19118495	2009	NoLink
BMC_Syst_Biol	27490106	2016	NoLink
BMC_Syst_Biol	24669853	2014	NoLink
BMC_Syst_Biol	26714768	2015	NoLink
BMC_Syst_Biol	25189194	2014	NoLink
BMC_Syst_Biol	22748139	2012	NoLink
BMC_Syst_Biol	30616626	2019	NoLink
BMC_Syst_Biol	26578235	2015	NoLink
BMC_Syst_Biol	20388198	2010	NoLink
BMC_Syst_Biol	23046840	2012	NoLink
BMC_Syst_Biol	29291750	2018	NoLink
BMC_Syst_Biol	30547845	2018	NoLink
BMC_Syst_Biol	21575198	2011	NoLink
BMC_Syst_Biol	22738223	2012	NoLink
BMC_Syst_Biol	23281795	2012	NoLink
BMC_Syst_Biol	21992556	2011	NoLink
BMC_Syst_Biol	28284213	2017	NoLink
BMC_Syst_Biol	19144170	2009	NoLink
BMC_Syst_Biol	18315885	2008	NoLink
BMC_Syst_Biol	21902842	2011	NoLink
BMC_Syst_Biol	19728874	2009	NoLink
BMC_Syst_Biol	NA	2016	NoLink
BMC_Syst_Biol	21995956	2011	NoLink
BMC_Syst_Biol	25884468	2015	NoLink
BMC_Syst_Biol	29282051	2017	NoLink
BMC_Syst_Biol	29321020	2018	NoLink
BMC_Syst_Biol	22703638	2012	NoLink
BMC_Syst_Biol	27769243	2016	NoLink
BMC_Syst_Biol	20522252	2010	NoLink
BMC_Syst_Biol	30577794	2018	NoLink
BMC_Syst_Biol	28950906	2017	NoLink
BMC_Syst_Biol	20587063	2010	NoLink
BMC_Syst_Biol	23680044	2013	NoLink
BMC_Syst_Biol	26467983	2015	NoLink
BMC_Syst_Biol	24565064	2014	NoLink
BMC_Syst_Biol	19799790	2009	null http://www.lipidmaps.org 302 
BMC_Syst_Biol	24428922	2014	NoLink
BMC_Syst_Biol	28950876	2017	NoLink
BMC_Syst_Biol	20579396	2010	NoLink
BMC_Syst_Biol	24555857	2013	NoLink
BMC_Syst_Biol	19393101	2009	NoLink
BMC_Syst_Biol	22703586	2012	NoLink
BMC_Syst_Biol	29157227	2017	NoLink
BMC_Syst_Biol	26179794	2015	NoLink
BMC_Syst_Biol	28646868	2017	NoLink
BMC_Syst_Biol	21605414	2011	NoLink
BMC_Syst_Biol	28155687	2016	NoLink
BMC_Syst_Biol	29671402	2018	NoLink
BMC_Syst_Biol	26646617	2015	NoLink
BMC_Syst_Biol	25521807	2014	NoLink
BMC_Syst_Biol	20553595	2010	NoLink
BMC_Syst_Biol	26356850	2015	NoLink
BMC_Syst_Biol	22480273	2012	null http://bioputer.mimuw.edu.pl/tav4sb/ 301 
BMC_Syst_Biol	30591051	2018	NoLink
BMC_Syst_Biol	24594118	2014	NoLink
BMC_Syst_Biol	18312669	2008	NoLink
BMC_Syst_Biol	24565058	2013	NoLink
BMC_Syst_Biol	20529270	2010	NoLink
BMC_Syst_Biol	22583864	2012	NoLink
BMC_Syst_Biol	21992532	2011	NoLink
BMC_Syst_Biol	30463540	2018	NoLink
BMC_Syst_Biol	30547801	2018	NoLink
BMC_Syst_Biol	29322933	2017	NoLink
BMC_Syst_Biol	29631571	2018	NoLink
BMC_Syst_Biol	27663205	2016	NoLink
BMC_Syst_Biol	20809931	2010	NoLink
BMC_Syst_Biol	17678529	2007	NoLink
BMC_Syst_Biol	22979956	2012	NoLink
BMC_Syst_Biol	24690407	2014	available http://www.ibi.vu.nl/programs/natalieq/ 301 
BMC_Syst_Biol	20056001	2010	NoLink
BMC_Syst_Biol	30463556	2018	NoLink
BMC_Syst_Biol	21569565	2011	NoLink
BMC_Syst_Biol	23537347	2013	NoLink
BMC_Syst_Biol	26337930	2015	NoLink
BMC_Syst_Biol	25879163	2015	available http://web.cos.gmu.edu/~gmanyam/kegg 301 
BMC_Syst_Biol	21182788	2010	NoLink
BMC_Syst_Biol	24934175	2014	NoLink
BMC_Syst_Biol	19216740	2009	NoLink
BMC_Syst_Biol	22898474	2012	NoLink
BMC_Syst_Biol	26051249	2015	NoLink
BMC_Syst_Biol	26111937	2015	NoLink
BMC_Syst_Biol	22748168	2012	null http://www.i-pharm.org/ 200 null http://biomart.i-pharm.org/ 403 
BMC_Syst_Biol	28155709	2016	NoLink
BMC_Syst_Biol	20522251	2010	NoLink
BMC_Syst_Biol	28340582	2017	NoLink
BMC_Syst_Biol	20465807	2010	NoLink
BMC_Syst_Biol	30547805	2018	NoLink
BMC_Syst_Biol	20969759	2010	NoLink
BMC_Syst_Biol	29297357	2017	NoLink
BMC_Syst_Biol	26897165	2016	NoLink
BMC_Syst_Biol	28155715	2016	NoLink
BMC_Syst_Biol	24565104	2013	package http://doc.aporc.org/wiki/Corbi 301 available http://doc.aporc.org/wiki/CNetA/. 301 
BMC_Syst_Biol	29587750	2018	NoLink
BMC_Syst_Biol	25032990	2014	NoLink
BMC_Syst_Biol	17498300	2007	NoLink
BMC_Syst_Biol	25267505	2014	NoLink
BMC_Syst_Biol	24964791	2014	NoLink
BMC_Syst_Biol	18817540	2008	NoLink
BMC_Syst_Biol	24564923	2013	NoLink
BMC_Syst_Biol	20042079	2009	NoLink
BMC_Syst_Biol	24528953	2014	NoLink
BMC_Syst_Biol	21450097	2011	NoLink
BMC_Syst_Biol	23282006	2012	NoLink
BMC_Syst_Biol	23083100	2012	NoLink
BMC_Syst_Biol	23107425	2012	NoLink
BMC_Syst_Biol	23079107	2012	NoLink
BMC_Syst_Biol	25879409	2015	NoLink
BMC_Syst_Biol	29642908	2018	NoLink
BMC_Syst_Biol	25884595	2015	NoLink
BMC_Syst_Biol	27503118	2016	null http://210.27.80.93/arn/ -1 
BMC_Syst_Biol	25387605	2014	NoLink
BMC_Syst_Biol	17663759	2007	NoLink
BMC_Syst_Biol	30463545	2018	NoLink
BMC_Syst_Biol	22548786	2012	NoLink
BMC_Syst_Biol	29801503	2018	NoLink
BMC_Syst_Biol	28105940	2016	NoLink
BMC_Syst_Biol	27503052	2016	null https://github.com/davcem/cpm-cytoscape 301 null http://styx.cgv.tugraz.at:8080/cpm-cytoscape/ -1 
BMC_Syst_Biol	21291524	2011	NoLink
BMC_Syst_Biol	19183469	2009	NoLink
BMC_Syst_Biol	21211052	2011	NoLink
BMC_Syst_Biol	21294912	2011	NoLink
BMC_Syst_Biol	29486740	2018	NoLink
BMC_Syst_Biol	18482450	2008	NoLink
BMC_Syst_Biol	18366733	2008	NoLink
BMC_Syst_Biol	29745839	2018	code http://gr.xjtu.edu.cn/web/liminli/codes -1 
BMC_Syst_Biol	21846366	2011	NoLink
BMC_Syst_Biol	25070212	2014	NoLink
BMC_Syst_Biol	18234101	2008	NoLink
BMC_Syst_Biol	23738693	2013	NoLink
BMC_Syst_Biol	21689471	2011	NoLink
BMC_Syst_Biol	18570683	2008	NoLink
BMC_Syst_Biol	19108747	2008	NoLink
BMC_Syst_Biol	25115405	2014	NoLink
BMC_Syst_Biol	21059234	2010	NoLink
BMC_Syst_Biol	21943372	2011	NoLink
BMC_Syst_Biol	17543097	2007	NoLink
BMC_Syst_Biol	23497367	2013	NoLink
BMC_Syst_Biol	27515956	2016	NoLink
BMC_Syst_Biol	29297345	2017	NoLink
BMC_Syst_Biol	27585651	2016	NoLink
BMC_Syst_Biol	23282282	2012	NoLink
BMC_Syst_Biol	25890175	2015	NoLink
BMC_Syst_Biol	22947028	2012	
BMC_Syst_Biol	20500902	2010	NoLink
BMC_Syst_Biol	24565034	2013	NoLink
BMC_Syst_Biol	22462685	2012	NoLink
BMC_Syst_Biol	21352531	2011	NoLink
BMC_Syst_Biol	25350697	2014	NoLink
BMC_Syst_Biol	22244311	2012	NoLink
BMC_Syst_Biol	22784573	2011	NoLink
BMC_Syst_Biol	22443685	2012	NoLink
